ID;SKU;Producto Nombre;Marca;Línea / Variante;Presentación / Formato;Categoría;Subcategoría;Contenido Neto;Unidad;EAN / Código de Barras;Costo sin IVA;Costo con IVA;Precio de Venta
1;BEB-COC-REG-354MLX;Coca-Cola Regular 354 ml;Coca-Cola;Regular;354 ml Lata (consumo al paso);Bebidas;Gaseosas;354;ml;;$ 1.142,89;$ 1.382,90;$ 1.996,83
2;BEB-COC-REG-354MLX-P6;Coca-Cola Regular 354ml Pack x6;Coca-Cola;Regular;Pack x6 (354 ml Lata);Bebidas;Gaseosas;354;ml;;$ 1.116,54;$ 1.351,01;$ 1.943,88
3;BEB-COC-REG-354MLX-P12;Coca-Cola Regular 354ml Pack x12;Coca-Cola;Regular;Pack x12 (354 ml Lata);Bebidas;Gaseosas;354;ml;;$ 420,80;$ 509,17;$ 917,18
4;BEB-COC-REG-473MLX;Coca-Cola Regular 473 ml;Coca-Cola;Regular;473 ml Lata (consumo al paso);Bebidas;Gaseosas;473;ml;;$ 531,32;$ 642,90;$ 1.044,29
5;BEB-COC-REG-473MLX-P6;Coca-Cola Regular 473ml Pack x6;Coca-Cola;Regular;Pack x6 (473 ml Lata);Bebidas;Gaseosas;473;ml;;$ 1.133,78;$ 1.371,87;$ 2.107,81
6;BEB-COC-REG-473MLX-P12;Coca-Cola Regular 473ml Pack x12;Coca-Cola;Regular;Pack x12 (473 ml Lata);Bebidas;Gaseosas;473;ml;;$ 842,23;$ 1.019,10;$ 1.893,01
7;BEB-COC-REG-500MLX;Coca-Cola Regular 500 ml;Coca-Cola;Regular;500 ml Botella (consumo al paso);Bebidas;Gaseosas;500;ml;;$ 260,05;$ 314,66;$ 504,35
8;BEB-COC-REG-600MLX;Coca-Cola Regular 600 ml;Coca-Cola;Regular;600 ml Botella (consumo al paso);Bebidas;Gaseosas;600;ml;;$ 1.113,21;$ 1.346,98;$ 1.994,42
9;BEB-COC-REG-125LXX;Coca-Cola Regular 1.25 L;Coca-Cola;Regular;1.25 L Botella (hogar);Bebidas;Gaseosas;1,25;L;;$ 1.035,89;$ 1.253,43;$ 2.354,58
10;BEB-COC-REG-15LXX;Coca-Cola Regular 1.5 L;Coca-Cola;Regular;1.5 L Botella (familiar);Bebidas;Gaseosas;1,5;L;;$ 875,59;$ 1.059,46;$ 1.838,61
11;BEB-COC-REG-2LXX;Coca-Cola Regular 2 L;Coca-Cola;Regular;2 L Botella (familiar);Bebidas;Gaseosas;2;L;;$ 1.001,29;$ 1.211,56;$ 1.987,15
12;BEB-COC-REG-225LXX;Coca-Cola Regular 2.25 L;Coca-Cola;Regular;2.25 L Botella (familiar);Bebidas;Gaseosas;2,25;L;;$ 900,94;$ 1.090,14;$ 1.555,45
13;BEB-COC-REG-3LXX;Coca-Cola Regular 3 L;Coca-Cola;Regular;3 L Botella (familiar);Bebidas;Gaseosas;3;L;;$ 341,51;$ 413,23;$ 689,57
14;BEB-COC-ZER-354MLX;Coca-Cola Zero 354 ml;Coca-Cola;Zero;354 ml Lata (consumo al paso);Bebidas;Gaseosas;354;ml;;$ 752,62;$ 910,67;$ 1.317,85
15;BEB-COC-ZER-354MLX-P6;Coca-Cola Zero 354ml Pack x6;Coca-Cola;Zero;Pack x6 (354 ml Lata);Bebidas;Gaseosas;354;ml;;$ 903,15;$ 1.092,81;$ 1.560,81
16;BEB-COC-ZER-354MLX-P12;Coca-Cola Zero 354ml Pack x12;Coca-Cola;Zero;Pack x12 (354 ml Lata);Bebidas;Gaseosas;354;ml;;$ 925,72;$ 1.120,12;$ 1.902,44
17;BEB-COC-ZER-473MLX;Coca-Cola Zero 473 ml;Coca-Cola;Zero;473 ml Lata (consumo al paso);Bebidas;Gaseosas;473;ml;;$ 858,33;$ 1.038,58;$ 1.751,85
18;BEB-COC-ZER-473MLX-P6;Coca-Cola Zero 473ml Pack x6;Coca-Cola;Zero;Pack x6 (473 ml Lata);Bebidas;Gaseosas;473;ml;;$ 933,49;$ 1.129,52;$ 2.027,08
19;BEB-COC-ZER-473MLX-P12;Coca-Cola Zero 473ml Pack x12;Coca-Cola;Zero;Pack x12 (473 ml Lata);Bebidas;Gaseosas;473;ml;;$ 1.078,58;$ 1.305,08;$ 2.239,93
20;BEB-COC-ZER-500MLX;Coca-Cola Zero 500 ml;Coca-Cola;Zero;500 ml Botella (consumo al paso);Bebidas;Gaseosas;500;ml;;$ 928,64;$ 1.123,65;$ 1.786,78
21;BEB-COC-ZER-600MLX;Coca-Cola Zero 600 ml;Coca-Cola;Zero;600 ml Botella (consumo al paso);Bebidas;Gaseosas;600;ml;;$ 1.100,07;$ 1.331,08;$ 2.089,65
22;BEB-COC-ZER-125LXX;Coca-Cola Zero 1.25 L;Coca-Cola;Zero;1.25 L Botella (hogar);Bebidas;Gaseosas;1,25;L;;$ 298,00;$ 360,58;$ 631,19
23;BEB-COC-ZER-15LXX;Coca-Cola Zero 1.5 L;Coca-Cola;Zero;1.5 L Botella (familiar);Bebidas;Gaseosas;1,5;L;;$ 492,61;$ 596,06;$ 894,21
24;BEB-COC-ZER-2LXX;Coca-Cola Zero 2 L;Coca-Cola;Zero;2 L Botella (familiar);Bebidas;Gaseosas;2;L;;$ 886,27;$ 1.072,39;$ 1.899,29
25;BEB-COC-ZER-225LXX;Coca-Cola Zero 2.25 L;Coca-Cola;Zero;2.25 L Botella (familiar);Bebidas;Gaseosas;2,25;L;;$ 876,30;$ 1.060,32;$ 1.579,53
26;BEB-COC-ZER-3LXX;Coca-Cola Zero 3 L;Coca-Cola;Zero;3 L Botella (familiar);Bebidas;Gaseosas;3;L;;$ 586,60;$ 709,79;$ 1.121,47
27;BEB-COC-LIG-354MLX;Coca-Cola Light 354 ml;Coca-Cola;Light;354 ml Lata (consumo al paso);Bebidas;Gaseosas;354;ml;;$ 1.008,47;$ 1.220,25;$ 2.246,81
28;BEB-COC-LIG-354MLX-P6;Coca-Cola Light 354ml Pack x6;Coca-Cola;Light;Pack x6 (354 ml Lata);Bebidas;Gaseosas;354;ml;;$ 297,46;$ 359,93;$ 543,14
29;BEB-COC-LIG-354MLX-P12;Coca-Cola Light 354ml Pack x12;Coca-Cola;Light;Pack x12 (354 ml Lata);Bebidas;Gaseosas;354;ml;;$ 621,50;$ 752,01;$ 1.114,82
30;BEB-COC-LIG-473MLX;Coca-Cola Light 473 ml;Coca-Cola;Light;473 ml Lata (consumo al paso);Bebidas;Gaseosas;473;ml;;$ 878,63;$ 1.063,14;$ 1.435,48
31;BEB-COC-LIG-473MLX-P6;Coca-Cola Light 473ml Pack x6;Coca-Cola;Light;Pack x6 (473 ml Lata);Bebidas;Gaseosas;473;ml;;$ 896,49;$ 1.084,75;$ 1.495,07
32;BEB-COC-LIG-473MLX-P12;Coca-Cola Light 473ml Pack x12;Coca-Cola;Light;Pack x12 (473 ml Lata);Bebidas;Gaseosas;473;ml;;$ 1.033,80;$ 1.250,90;$ 1.822,96
33;BEB-COC-LIG-500MLX;Coca-Cola Light 500 ml;Coca-Cola;Light;500 ml Botella (consumo al paso);Bebidas;Gaseosas;500;ml;;$ 805,60;$ 974,78;$ 1.429,95
34;BEB-COC-LIG-600MLX;Coca-Cola Light 600 ml;Coca-Cola;Light;600 ml Botella (consumo al paso);Bebidas;Gaseosas;600;ml;;$ 857,67;$ 1.037,78;$ 1.736,43
35;BEB-COC-LIG-125LXX;Coca-Cola Light 1.25 L;Coca-Cola;Light;1.25 L Botella (hogar);Bebidas;Gaseosas;1,25;L;;$ 351,24;$ 425,00;$ 715,01
36;BEB-COC-LIG-15LXX;Coca-Cola Light 1.5 L;Coca-Cola;Light;1.5 L Botella (familiar);Bebidas;Gaseosas;1,5;L;;$ 300,26;$ 363,31;$ 594,61
37;BEB-COC-LIG-2LXX;Coca-Cola Light 2 L;Coca-Cola;Light;2 L Botella (familiar);Bebidas;Gaseosas;2;L;;$ 826,73;$ 1.000,34;$ 1.543,57
38;BEB-COC-LIG-225LXX;Coca-Cola Light 2.25 L;Coca-Cola;Light;2.25 L Botella (familiar);Bebidas;Gaseosas;2,25;L;;$ 660,80;$ 799,57;$ 1.129,42
39;BEB-COC-LIG-3LXX;Coca-Cola Light 3 L;Coca-Cola;Light;3 L Botella (familiar);Bebidas;Gaseosas;3;L;;$ 721,49;$ 873,00;$ 1.230,33
40;BEB-SPR-REG-354MLX;Sprite Regular 354 ml;Sprite;Regular;354 ml Lata (consumo al paso);Bebidas;Gaseosas;354;ml;;$ 769,64;$ 931,26;$ 1.690,49
41;BEB-SPR-REG-354MLX-P6;Sprite Regular 354ml Pack x6;Sprite;Regular;Pack x6 (354 ml Lata);Bebidas;Gaseosas;354;ml;;$ 568,08;$ 687,38;$ 946,17
42;BEB-SPR-REG-354MLX-P12;Sprite Regular 354ml Pack x12;Sprite;Regular;Pack x12 (354 ml Lata);Bebidas;Gaseosas;354;ml;;$ 813,82;$ 984,72;$ 1.514,77
43;BEB-SPR-REG-473MLX;Sprite Regular 473 ml;Sprite;Regular;473 ml Lata (consumo al paso);Bebidas;Gaseosas;473;ml;;$ 542,60;$ 656,55;$ 906,90
44;BEB-SPR-REG-473MLX-P6;Sprite Regular 473ml Pack x6;Sprite;Regular;Pack x6 (473 ml Lata);Bebidas;Gaseosas;473;ml;;$ 313,20;$ 378,97;$ 592,48
45;BEB-SPR-REG-473MLX-P12;Sprite Regular 473ml Pack x12;Sprite;Regular;Pack x12 (473 ml Lata);Bebidas;Gaseosas;473;ml;;$ 742,32;$ 898,21;$ 1.672,42
46;BEB-SPR-REG-500MLX;Sprite Regular 500 ml;Sprite;Regular;500 ml Botella (consumo al paso);Bebidas;Gaseosas;500;ml;;$ 1.080,92;$ 1.307,91;$ 2.073,14
47;BEB-SPR-REG-600MLX;Sprite Regular 600 ml;Sprite;Regular;600 ml Botella (consumo al paso);Bebidas;Gaseosas;600;ml;;$ 966,16;$ 1.169,05;$ 1.871,22
48;BEB-SPR-REG-125LXX;Sprite Regular 1.25 L;Sprite;Regular;1.25 L Botella (hogar);Bebidas;Gaseosas;1,25;L;;$ 590,17;$ 714,11;$ 976,55
49;BEB-SPR-REG-15LXX;Sprite Regular 1.5 L;Sprite;Regular;1.5 L Botella (familiar);Bebidas;Gaseosas;1,5;L;;$ 1.081,52;$ 1.308,64;$ 1.767,84
50;BEB-SPR-REG-2LXX;Sprite Regular 2 L;Sprite;Regular;2 L Botella (familiar);Bebidas;Gaseosas;2;L;;$ 927,71;$ 1.122,53;$ 1.768,00
51;BEB-SPR-REG-225LXX;Sprite Regular 2.25 L;Sprite;Regular;2.25 L Botella (familiar);Bebidas;Gaseosas;2,25;L;;$ 386,62;$ 467,81;$ 652,03
52;BEB-SPR-REG-3LXX;Sprite Regular 3 L;Sprite;Regular;3 L Botella (familiar);Bebidas;Gaseosas;3;L;;$ 1.010,16;$ 1.222,29;$ 1.973,92
53;BEB-SPR-ZER-354MLX;Sprite Zero 354 ml;Sprite;Zero;354 ml Lata (consumo al paso);Bebidas;Gaseosas;354;ml;;$ 1.080,18;$ 1.307,02;$ 1.923,10
54;BEB-SPR-ZER-354MLX-P6;Sprite Zero 354ml Pack x6;Sprite;Zero;Pack x6 (354 ml Lata);Bebidas;Gaseosas;354;ml;;$ 1.137,39;$ 1.376,24;$ 1.931,40
55;BEB-SPR-ZER-354MLX-P12;Sprite Zero 354ml Pack x12;Sprite;Zero;Pack x12 (354 ml Lata);Bebidas;Gaseosas;354;ml;;$ 546,59;$ 661,37;$ 1.131,35
56;BEB-SPR-ZER-473MLX;Sprite Zero 473 ml;Sprite;Zero;473 ml Lata (consumo al paso);Bebidas;Gaseosas;473;ml;;$ 707,59;$ 856,18;$ 1.284,51
57;BEB-SPR-ZER-473MLX-P6;Sprite Zero 473ml Pack x6;Sprite;Zero;Pack x6 (473 ml Lata);Bebidas;Gaseosas;473;ml;;$ 504,73;$ 610,72;$ 895,48
58;BEB-SPR-ZER-473MLX-P12;Sprite Zero 473ml Pack x12;Sprite;Zero;Pack x12 (473 ml Lata);Bebidas;Gaseosas;473;ml;;$ 849,00;$ 1.027,29;$ 1.702,51
59;BEB-SPR-ZER-500MLX;Sprite Zero 500 ml;Sprite;Zero;500 ml Botella (consumo al paso);Bebidas;Gaseosas;500;ml;;$ 1.107,56;$ 1.340,15;$ 1.922,62
60;BEB-SPR-ZER-600MLX;Sprite Zero 600 ml;Sprite;Zero;600 ml Botella (consumo al paso);Bebidas;Gaseosas;600;ml;;$ 1.144,20;$ 1.384,48;$ 2.032,90
61;BEB-SPR-ZER-125LXX;Sprite Zero 1.25 L;Sprite;Zero;1.25 L Botella (hogar);Bebidas;Gaseosas;1,25;L;;$ 924,25;$ 1.118,34;$ 1.661,66
62;BEB-SPR-ZER-15LXX;Sprite Zero 1.5 L;Sprite;Zero;1.5 L Botella (familiar);Bebidas;Gaseosas;1,5;L;;$ 853,47;$ 1.032,70;$ 1.735,05
63;BEB-SPR-ZER-2LXX;Sprite Zero 2 L;Sprite;Zero;2 L Botella (familiar);Bebidas;Gaseosas;2;L;;$ 1.187,37;$ 1.436,72;$ 2.239,56
64;BEB-SPR-ZER-225LXX;Sprite Zero 2.25 L;Sprite;Zero;2.25 L Botella (familiar);Bebidas;Gaseosas;2,25;L;;$ 719,82;$ 870,98;$ 1.327,47
65;BEB-SPR-ZER-3LXX;Sprite Zero 3 L;Sprite;Zero;3 L Botella (familiar);Bebidas;Gaseosas;3;L;;$ 1.150,88;$ 1.392,56;$ 1.986,98
66;BEB-FAN-NAR-354MLX;Fanta Naranja 354 ml;Fanta;Naranja;354 ml Lata (consumo al paso);Bebidas;Gaseosas;354;ml;;$ 407,18;$ 492,69;$ 793,24
67;BEB-FAN-NAR-354MLX-P6;Fanta Naranja 354ml Pack x6;Fanta;Naranja;Pack x6 (354 ml Lata);Bebidas;Gaseosas;354;ml;;$ 686,68;$ 830,88;$ 1.449,10
68;BEB-FAN-NAR-354MLX-P12;Fanta Naranja 354ml Pack x12;Fanta;Naranja;Pack x12 (354 ml Lata);Bebidas;Gaseosas;354;ml;;$ 949,43;$ 1.148,81;$ 1.750,77
69;BEB-FAN-NAR-473MLX;Fanta Naranja 473 ml;Fanta;Naranja;473 ml Lata (consumo al paso);Bebidas;Gaseosas;473;ml;;$ 1.159,88;$ 1.403,45;$ 2.503,94
70;BEB-FAN-NAR-473MLX-P6;Fanta Naranja 473ml Pack x6;Fanta;Naranja;Pack x6 (473 ml Lata);Bebidas;Gaseosas;473;ml;;$ 784,99;$ 949,84;$ 1.616,86
71;BEB-FAN-NAR-473MLX-P12;Fanta Naranja 473ml Pack x12;Fanta;Naranja;Pack x12 (473 ml Lata);Bebidas;Gaseosas;473;ml;;$ 594,92;$ 719,85;$ 1.156,40
72;BEB-FAN-NAR-500MLX;Fanta Naranja 500 ml;Fanta;Naranja;500 ml Botella (consumo al paso);Bebidas;Gaseosas;500;ml;;$ 364,27;$ 440,77;$ 636,69
73;BEB-FAN-NAR-600MLX;Fanta Naranja 600 ml;Fanta;Naranja;600 ml Botella (consumo al paso);Bebidas;Gaseosas;600;ml;;$ 1.109,52;$ 1.342,52;$ 2.349,50
74;BEB-FAN-NAR-125LXX;Fanta Naranja 1.25 L;Fanta;Naranja;1.25 L Botella (hogar);Bebidas;Gaseosas;1,25;L;;$ 1.034,85;$ 1.252,17;$ 2.241,11
75;BEB-FAN-NAR-15LXX;Fanta Naranja 1.5 L;Fanta;Naranja;1.5 L Botella (familiar);Bebidas;Gaseosas;1,5;L;;$ 857,45;$ 1.037,51;$ 1.715,79
76;BEB-FAN-NAR-2LXX;Fanta Naranja 2 L;Fanta;Naranja;2 L Botella (familiar);Bebidas;Gaseosas;2;L;;$ 1.172,43;$ 1.418,64;$ 2.429,34
77;BEB-FAN-NAR-225LXX;Fanta Naranja 2.25 L;Fanta;Naranja;2.25 L Botella (familiar);Bebidas;Gaseosas;2,25;L;;$ 480,96;$ 581,96;$ 911,35
78;BEB-FAN-NAR-3LXX;Fanta Naranja 3 L;Fanta;Naranja;3 L Botella (familiar);Bebidas;Gaseosas;3;L;;$ 438,94;$ 531,12;$ 836,74
79;BEB-FAN-POM-354MLX;Fanta Pomelo 354 ml;Fanta;Pomelo;354 ml Lata (consumo al paso);Bebidas;Gaseosas;354;ml;;$ 966,46;$ 1.169,42;$ 1.957,19
80;BEB-FAN-POM-354MLX-P6;Fanta Pomelo 354ml Pack x6;Fanta;Pomelo;Pack x6 (354 ml Lata);Bebidas;Gaseosas;354;ml;;$ 536,82;$ 649,55;$ 895,70
81;BEB-FAN-POM-354MLX-P12;Fanta Pomelo 354ml Pack x12;Fanta;Pomelo;Pack x12 (354 ml Lata);Bebidas;Gaseosas;354;ml;;$ 954,37;$ 1.154,79;$ 2.018,07
82;BEB-FAN-POM-473MLX;Fanta Pomelo 473 ml;Fanta;Pomelo;473 ml Lata (consumo al paso);Bebidas;Gaseosas;473;ml;;$ 766,52;$ 927,49;$ 1.704,22
83;BEB-FAN-POM-473MLX-P6;Fanta Pomelo 473ml Pack x6;Fanta;Pomelo;Pack x6 (473 ml Lata);Bebidas;Gaseosas;473;ml;;$ 1.052,99;$ 1.274,12;$ 2.225,88
84;BEB-FAN-POM-473MLX-P12;Fanta Pomelo 473ml Pack x12;Fanta;Pomelo;Pack x12 (473 ml Lata);Bebidas;Gaseosas;473;ml;;$ 482,01;$ 583,23;$ 920,59
85;BEB-FAN-POM-500MLX;Fanta Pomelo 500 ml;Fanta;Pomelo;500 ml Botella (consumo al paso);Bebidas;Gaseosas;500;ml;;$ 349,42;$ 422,80;$ 627,29
86;BEB-FAN-POM-600MLX;Fanta Pomelo 600 ml;Fanta;Pomelo;600 ml Botella (consumo al paso);Bebidas;Gaseosas;600;ml;;$ 670,39;$ 811,17;$ 1.218,47
87;BEB-FAN-POM-125LXX;Fanta Pomelo 1.25 L;Fanta;Pomelo;1.25 L Botella (hogar);Bebidas;Gaseosas;1,25;L;;$ 816,00;$ 987,36;$ 1.538,75
88;BEB-FAN-POM-15LXX;Fanta Pomelo 1.5 L;Fanta;Pomelo;1.5 L Botella (familiar);Bebidas;Gaseosas;1,5;L;;$ 513,64;$ 621,50;$ 967,02
89;BEB-FAN-POM-2LXX;Fanta Pomelo 2 L;Fanta;Pomelo;2 L Botella (familiar);Bebidas;Gaseosas;2;L;;$ 823,70;$ 996,68;$ 1.451,53
90;BEB-FAN-POM-225LXX;Fanta Pomelo 2.25 L;Fanta;Pomelo;2.25 L Botella (familiar);Bebidas;Gaseosas;2,25;L;;$ 1.032,28;$ 1.249,06;$ 2.014,54
91;BEB-FAN-POM-3LXX;Fanta Pomelo 3 L;Fanta;Pomelo;3 L Botella (familiar);Bebidas;Gaseosas;3;L;;$ 704,58;$ 852,54;$ 1.520,79
92;BEB-PEP-REG-354MLX;Pepsi Regular 354 ml;Pepsi;Regular;354 ml Lata (consumo al paso);Bebidas;Gaseosas;354;ml;;$ 411,73;$ 498,19;$ 768,25
93;BEB-PEP-REG-354MLX-P6;Pepsi Regular 354ml Pack x6;Pepsi;Regular;Pack x6 (354 ml Lata);Bebidas;Gaseosas;354;ml;;$ 914,56;$ 1.106,62;$ 1.564,43
94;BEB-PEP-REG-354MLX-P12;Pepsi Regular 354ml Pack x12;Pepsi;Regular;Pack x12 (354 ml Lata);Bebidas;Gaseosas;354;ml;;$ 540,12;$ 653,55;$ 884,97
95;BEB-PEP-REG-473MLX;Pepsi Regular 473 ml;Pepsi;Regular;473 ml Lata (consumo al paso);Bebidas;Gaseosas;473;ml;;$ 648,89;$ 785,16;$ 1.347,09
96;BEB-PEP-REG-473MLX-P6;Pepsi Regular 473ml Pack x6;Pepsi;Regular;Pack x6 (473 ml Lata);Bebidas;Gaseosas;473;ml;;$ 436,23;$ 527,84;$ 753,99
97;BEB-PEP-REG-473MLX-P12;Pepsi Regular 473ml Pack x12;Pepsi;Regular;Pack x12 (473 ml Lata);Bebidas;Gaseosas;473;ml;;$ 879,06;$ 1.063,66;$ 1.550,62
98;BEB-PEP-REG-500MLX;Pepsi Regular 500 ml;Pepsi;Regular;500 ml Botella (consumo al paso);Bebidas;Gaseosas;500;ml;;$ 583,00;$ 705,43;$ 1.176,81
99;BEB-PEP-REG-600MLX;Pepsi Regular 600 ml;Pepsi;Regular;600 ml Botella (consumo al paso);Bebidas;Gaseosas;600;ml;;$ 476,47;$ 576,53;$ 998,30
100;BEB-PEP-REG-125LXX;Pepsi Regular 1.25 L;Pepsi;Regular;1.25 L Botella (hogar);Bebidas;Gaseosas;1,25;L;;$ 891,86;$ 1.079,15;$ 1.757,52
101;BEB-PEP-REG-15LXX;Pepsi Regular 1.5 L;Pepsi;Regular;1.5 L Botella (familiar);Bebidas;Gaseosas;1,5;L;;$ 362,50;$ 438,62;$ 714,93
102;BEB-PEP-REG-2LXX;Pepsi Regular 2 L;Pepsi;Regular;2 L Botella (familiar);Bebidas;Gaseosas;2;L;;$ 709,95;$ 859,04;$ 1.623,64
103;BEB-PEP-REG-225LXX;Pepsi Regular 2.25 L;Pepsi;Regular;2.25 L Botella (familiar);Bebidas;Gaseosas;2,25;L;;$ 725,34;$ 877,66;$ 1.542,34
104;BEB-PEP-REG-3LXX;Pepsi Regular 3 L;Pepsi;Regular;3 L Botella (familiar);Bebidas;Gaseosas;3;L;;$ 332,21;$ 401,97;$ 570,59
105;BEB-PEP-BLA-354MLX;Pepsi Black 354 ml;Pepsi;Black;354 ml Lata (consumo al paso);Bebidas;Gaseosas;354;ml;;$ 386,21;$ 467,31;$ 705,04
106;BEB-PEP-BLA-354MLX-P6;Pepsi Black 354ml Pack x6;Pepsi;Black;Pack x6 (354 ml Lata);Bebidas;Gaseosas;354;ml;;$ 634,60;$ 767,87;$ 1.074,47
107;BEB-PEP-BLA-354MLX-P12;Pepsi Black 354ml Pack x12;Pepsi;Black;Pack x12 (354 ml Lata);Bebidas;Gaseosas;354;ml;;$ 894,46;$ 1.082,30;$ 1.694,82
108;BEB-PEP-BLA-473MLX;Pepsi Black 473 ml;Pepsi;Black;473 ml Lata (consumo al paso);Bebidas;Gaseosas;473;ml;;$ 382,05;$ 462,28;$ 797,48
109;BEB-PEP-BLA-473MLX-P6;Pepsi Black 473ml Pack x6;Pepsi;Black;Pack x6 (473 ml Lata);Bebidas;Gaseosas;473;ml;;$ 825,65;$ 999,04;$ 1.368,29
110;BEB-PEP-BLA-473MLX-P12;Pepsi Black 473ml Pack x12;Pepsi;Black;Pack x12 (473 ml Lata);Bebidas;Gaseosas;473;ml;;$ 879,59;$ 1.064,30;$ 1.892,05
111;BEB-PEP-BLA-500MLX;Pepsi Black 500 ml;Pepsi;Black;500 ml Botella (consumo al paso);Bebidas;Gaseosas;500;ml;;$ 574,67;$ 695,35;$ 1.032,35
112;BEB-PEP-BLA-600MLX;Pepsi Black 600 ml;Pepsi;Black;600 ml Botella (consumo al paso);Bebidas;Gaseosas;600;ml;;$ 1.051,95;$ 1.272,86;$ 2.204,67
113;BEB-PEP-BLA-125LXX;Pepsi Black 1.25 L;Pepsi;Black;1.25 L Botella (hogar);Bebidas;Gaseosas;1,25;L;;$ 570,23;$ 689,98;$ 1.117,60
114;BEB-PEP-BLA-15LXX;Pepsi Black 1.5 L;Pepsi;Black;1.5 L Botella (familiar);Bebidas;Gaseosas;1,5;L;;$ 828,85;$ 1.002,91;$ 1.445,51
115;BEB-PEP-BLA-2LXX;Pepsi Black 2 L;Pepsi;Black;2 L Botella (familiar);Bebidas;Gaseosas;2;L;;$ 682,69;$ 826,05;$ 1.394,12
116;BEB-PEP-BLA-225LXX;Pepsi Black 2.25 L;Pepsi;Black;2.25 L Botella (familiar);Bebidas;Gaseosas;2,25;L;;$ 1.141,28;$ 1.380,95;$ 2.202,15
117;BEB-PEP-BLA-3LXX;Pepsi Black 3 L;Pepsi;Black;3 L Botella (familiar);Bebidas;Gaseosas;3;L;;$ 1.173,65;$ 1.420,12;$ 1.980,43
118;BEB-7UP-REG-354MLX;7UP Regular 354 ml;7UP;Regular;354 ml Lata (consumo al paso);Bebidas;Gaseosas;354;ml;;$ 325,82;$ 394,24;$ 729,38
119;BEB-7UP-REG-354MLX-P6;7UP Regular 354ml Pack x6;7UP;Regular;Pack x6 (354 ml Lata);Bebidas;Gaseosas;354;ml;;$ 321,14;$ 388,58;$ 549,97
120;BEB-7UP-REG-354MLX-P12;7UP Regular 354ml Pack x12;7UP;Regular;Pack x12 (354 ml Lata);Bebidas;Gaseosas;354;ml;;$ 834,11;$ 1.009,27;$ 1.746,45
121;BEB-7UP-REG-473MLX;7UP Regular 473 ml;7UP;Regular;473 ml Lata (consumo al paso);Bebidas;Gaseosas;473;ml;;$ 1.076,61;$ 1.302,70;$ 2.199,22
122;BEB-7UP-REG-473MLX-P6;7UP Regular 473ml Pack x6;7UP;Regular;Pack x6 (473 ml Lata);Bebidas;Gaseosas;473;ml;;$ 579,48;$ 701,17;$ 1.133,00
123;BEB-7UP-REG-473MLX-P12;7UP Regular 473ml Pack x12;7UP;Regular;Pack x12 (473 ml Lata);Bebidas;Gaseosas;473;ml;;$ 940,49;$ 1.137,99;$ 1.639,13
124;BEB-7UP-REG-500MLX;7UP Regular 500 ml;7UP;Regular;500 ml Botella (consumo al paso);Bebidas;Gaseosas;500;ml;;$ 428,91;$ 518,98;$ 917,16
125;BEB-7UP-REG-600MLX;7UP Regular 600 ml;7UP;Regular;600 ml Botella (consumo al paso);Bebidas;Gaseosas;600;ml;;$ 951,30;$ 1.151,07;$ 2.174,11
126;BEB-7UP-REG-125LXX;7UP Regular 1.25 L;7UP;Regular;1.25 L Botella (hogar);Bebidas;Gaseosas;1,25;L;;$ 1.158,09;$ 1.401,29;$ 1.962,37
127;BEB-7UP-REG-15LXX;7UP Regular 1.5 L;7UP;Regular;1.5 L Botella (familiar);Bebidas;Gaseosas;1,5;L;;$ 963,95;$ 1.166,38;$ 1.896,06
128;BEB-7UP-REG-2LXX;7UP Regular 2 L;7UP;Regular;2 L Botella (familiar);Bebidas;Gaseosas;2;L;;$ 408,88;$ 494,74;$ 902,22
129;BEB-7UP-REG-225LXX;7UP Regular 2.25 L;7UP;Regular;2.25 L Botella (familiar);Bebidas;Gaseosas;2,25;L;;$ 575,00;$ 695,75;$ 1.104,09
130;BEB-7UP-REG-3LXX;7UP Regular 3 L;7UP;Regular;3 L Botella (familiar);Bebidas;Gaseosas;3;L;;$ 836,79;$ 1.012,52;$ 1.696,71
131;BEB-MAN-COL-354MLX;Manaos Cola 354 ml;Manaos;Cola;354 ml Lata (consumo al paso);Bebidas;Gaseosas;354;ml;;$ 748,36;$ 905,52;$ 1.644,95
132;BEB-MAN-COL-354MLX-P6;Manaos Cola 354ml Pack x6;Manaos;Cola;Pack x6 (354 ml Lata);Bebidas;Gaseosas;354;ml;;$ 1.042,88;$ 1.261,88;$ 2.188,83
133;BEB-MAN-COL-354MLX-P12;Manaos Cola 354ml Pack x12;Manaos;Cola;Pack x12 (354 ml Lata);Bebidas;Gaseosas;354;ml;;$ 777,62;$ 940,92;$ 1.445,85
134;BEB-MAN-COL-473MLX;Manaos Cola 473 ml;Manaos;Cola;473 ml Lata (consumo al paso);Bebidas;Gaseosas;473;ml;;$ 317,51;$ 384,19;$ 521,60
135;BEB-MAN-COL-473MLX-P6;Manaos Cola 473ml Pack x6;Manaos;Cola;Pack x6 (473 ml Lata);Bebidas;Gaseosas;473;ml;;$ 723,22;$ 875,10;$ 1.205,67
136;BEB-MAN-COL-473MLX-P12;Manaos Cola 473ml Pack x12;Manaos;Cola;Pack x12 (473 ml Lata);Bebidas;Gaseosas;473;ml;;$ 888,22;$ 1.074,75;$ 1.740,01
137;BEB-MAN-COL-500MLX;Manaos Cola 500 ml;Manaos;Cola;500 ml Botella (consumo al paso);Bebidas;Gaseosas;500;ml;;$ 1.111,08;$ 1.344,41;$ 2.382,57
138;BEB-MAN-COL-600MLX;Manaos Cola 600 ml;Manaos;Cola;600 ml Botella (consumo al paso);Bebidas;Gaseosas;600;ml;;$ 560,78;$ 678,54;$ 1.111,29
139;BEB-MAN-COL-125LXX;Manaos Cola 1.25 L;Manaos;Cola;1.25 L Botella (hogar);Bebidas;Gaseosas;1,25;L;;$ 964,19;$ 1.166,67;$ 1.825,81
140;BEB-MAN-COL-15LXX;Manaos Cola 1.5 L;Manaos;Cola;1.5 L Botella (familiar);Bebidas;Gaseosas;1,5;L;;$ 1.136,73;$ 1.375,44;$ 1.933,95
141;BEB-MAN-COL-2LXX;Manaos Cola 2 L;Manaos;Cola;2 L Botella (familiar);Bebidas;Gaseosas;2;L;;$ 652,54;$ 789,57;$ 1.376,65
142;BEB-MAN-COL-225LXX;Manaos Cola 2.25 L;Manaos;Cola;2.25 L Botella (familiar);Bebidas;Gaseosas;2,25;L;;$ 1.061,73;$ 1.284,69;$ 1.838,30
143;BEB-MAN-COL-3LXX;Manaos Cola 3 L;Manaos;Cola;3 L Botella (familiar);Bebidas;Gaseosas;3;L;;$ 376,43;$ 455,48;$ 635,24
144;BEB-MAN-NAR-354MLX;Manaos Naranja 354 ml;Manaos;Naranja;354 ml Lata (consumo al paso);Bebidas;Gaseosas;354;ml;;$ 385,38;$ 466,31;$ 820,57
145;BEB-MAN-NAR-354MLX-P6;Manaos Naranja 354ml Pack x6;Manaos;Naranja;Pack x6 (354 ml Lata);Bebidas;Gaseosas;354;ml;;$ 1.075,47;$ 1.301,32;$ 1.769,80
146;BEB-MAN-NAR-354MLX-P12;Manaos Naranja 354ml Pack x12;Manaos;Naranja;Pack x12 (354 ml Lata);Bebidas;Gaseosas;354;ml;;$ 277,32;$ 335,56;$ 568,67
147;BEB-MAN-NAR-473MLX;Manaos Naranja 473 ml;Manaos;Naranja;473 ml Lata (consumo al paso);Bebidas;Gaseosas;473;ml;;$ 992,40;$ 1.200,80;$ 1.979,67
148;BEB-MAN-NAR-473MLX-P6;Manaos Naranja 473ml Pack x6;Manaos;Naranja;Pack x6 (473 ml Lata);Bebidas;Gaseosas;473;ml;;$ 295,19;$ 357,18;$ 569,64
149;BEB-MAN-NAR-473MLX-P12;Manaos Naranja 473ml Pack x12;Manaos;Naranja;Pack x12 (473 ml Lata);Bebidas;Gaseosas;473;ml;;$ 868,83;$ 1.051,28;$ 1.470,07
150;BEB-MAN-NAR-500MLX;Manaos Naranja 500 ml;Manaos;Naranja;500 ml Botella (consumo al paso);Bebidas;Gaseosas;500;ml;;$ 1.108,44;$ 1.341,21;$ 2.400,61
151;BEB-MAN-NAR-600MLX;Manaos Naranja 600 ml;Manaos;Naranja;600 ml Botella (consumo al paso);Bebidas;Gaseosas;600;ml;;$ 821,71;$ 994,27;$ 1.795,12
152;BEB-MAN-NAR-125LXX;Manaos Naranja 1.25 L;Manaos;Naranja;1.25 L Botella (hogar);Bebidas;Gaseosas;1,25;L;;$ 970,69;$ 1.174,53;$ 1.910,63
153;BEB-MAN-NAR-15LXX;Manaos Naranja 1.5 L;Manaos;Naranja;1.5 L Botella (familiar);Bebidas;Gaseosas;1,5;L;;$ 742,39;$ 898,29;$ 1.538,55
154;BEB-MAN-NAR-2LXX;Manaos Naranja 2 L;Manaos;Naranja;2 L Botella (familiar);Bebidas;Gaseosas;2;L;;$ 645,69;$ 781,28;$ 1.170,23
155;BEB-MAN-NAR-225LXX;Manaos Naranja 2.25 L;Manaos;Naranja;2.25 L Botella (familiar);Bebidas;Gaseosas;2,25;L;;$ 664,68;$ 804,26;$ 1.363,46
156;BEB-MAN-NAR-3LXX;Manaos Naranja 3 L;Manaos;Naranja;3 L Botella (familiar);Bebidas;Gaseosas;3;L;;$ 534,33;$ 646,54;$ 1.068,25
157;BEB-CUN-NAR-354MLX;Cunnington Naranja 354 ml;Cunnington;Naranja;354 ml Lata (consumo al paso);Bebidas;Gaseosas;354;ml;;$ 421,16;$ 509,60;$ 890,67
158;BEB-CUN-NAR-354MLX-P6;Cunnington Naranja 354ml Pack x6;Cunnington;Naranja;Pack x6 (354 ml Lata);Bebidas;Gaseosas;354;ml;;$ 975,12;$ 1.179,90;$ 1.633,63
159;BEB-CUN-NAR-354MLX-P12;Cunnington Naranja 354ml Pack x12;Cunnington;Naranja;Pack x12 (354 ml Lata);Bebidas;Gaseosas;354;ml;;$ 649,35;$ 785,71;$ 1.457,71
160;BEB-CUN-NAR-473MLX;Cunnington Naranja 473 ml;Cunnington;Naranja;473 ml Lata (consumo al paso);Bebidas;Gaseosas;473;ml;;$ 322,33;$ 390,02;$ 536,66
161;BEB-CUN-NAR-473MLX-P6;Cunnington Naranja 473ml Pack x6;Cunnington;Naranja;Pack x6 (473 ml Lata);Bebidas;Gaseosas;473;ml;;$ 1.178,93;$ 1.426,51;$ 2.121,19
162;BEB-CUN-NAR-473MLX-P12;Cunnington Naranja 473ml Pack x12;Cunnington;Naranja;Pack x12 (473 ml Lata);Bebidas;Gaseosas;473;ml;;$ 889,06;$ 1.075,76;$ 1.792,78
163;BEB-CUN-NAR-500MLX;Cunnington Naranja 500 ml;Cunnington;Naranja;500 ml Botella (consumo al paso);Bebidas;Gaseosas;500;ml;;$ 885,79;$ 1.071,81;$ 1.988,35
164;BEB-CUN-NAR-600MLX;Cunnington Naranja 600 ml;Cunnington;Naranja;600 ml Botella (consumo al paso);Bebidas;Gaseosas;600;ml;;$ 1.079,32;$ 1.305,98;$ 1.853,72
165;BEB-CUN-NAR-125LXX;Cunnington Naranja 1.25 L;Cunnington;Naranja;1.25 L Botella (hogar);Bebidas;Gaseosas;1,25;L;;$ 953,09;$ 1.153,24;$ 2.012,68
166;BEB-CUN-NAR-15LXX;Cunnington Naranja 1.5 L;Cunnington;Naranja;1.5 L Botella (familiar);Bebidas;Gaseosas;1,5;L;;$ 798,81;$ 966,56;$ 1.569,56
167;BEB-CUN-NAR-2LXX;Cunnington Naranja 2 L;Cunnington;Naranja;2 L Botella (familiar);Bebidas;Gaseosas;2;L;;$ 641,37;$ 776,06;$ 1.055,89
168;BEB-CUN-NAR-225LXX;Cunnington Naranja 2.25 L;Cunnington;Naranja;2.25 L Botella (familiar);Bebidas;Gaseosas;2,25;L;;$ 984,08;$ 1.190,74;$ 1.670,96
169;BEB-CUN-NAR-3LXX;Cunnington Naranja 3 L;Cunnington;Naranja;3 L Botella (familiar);Bebidas;Gaseosas;3;L;;$ 1.124,50;$ 1.360,64;$ 1.870,95
170;BEB-CUN-POM-354MLX;Cunnington Pomelo 354 ml;Cunnington;Pomelo;354 ml Lata (consumo al paso);Bebidas;Gaseosas;354;ml;;$ 321,32;$ 388,80;$ 725,34
171;BEB-CUN-POM-354MLX-P6;Cunnington Pomelo 354ml Pack x6;Cunnington;Pomelo;Pack x6 (354 ml Lata);Bebidas;Gaseosas;354;ml;;$ 1.065,56;$ 1.289,33;$ 2.091,96
172;BEB-CUN-POM-354MLX-P12;Cunnington Pomelo 354ml Pack x12;Cunnington;Pomelo;Pack x12 (354 ml Lata);Bebidas;Gaseosas;354;ml;;$ 722,84;$ 874,64;$ 1.282,19
173;BEB-CUN-POM-473MLX;Cunnington Pomelo 473 ml;Cunnington;Pomelo;473 ml Lata (consumo al paso);Bebidas;Gaseosas;473;ml;;$ 1.083,98;$ 1.311,62;$ 2.009,38
174;BEB-CUN-POM-473MLX-P6;Cunnington Pomelo 473ml Pack x6;Cunnington;Pomelo;Pack x6 (473 ml Lata);Bebidas;Gaseosas;473;ml;;$ 760,20;$ 919,84;$ 1.643,65
175;BEB-CUN-POM-473MLX-P12;Cunnington Pomelo 473ml Pack x12;Cunnington;Pomelo;Pack x12 (473 ml Lata);Bebidas;Gaseosas;473;ml;;$ 426,15;$ 515,64;$ 935,05
176;BEB-CUN-POM-500MLX;Cunnington Pomelo 500 ml;Cunnington;Pomelo;500 ml Botella (consumo al paso);Bebidas;Gaseosas;500;ml;;$ 1.096,05;$ 1.326,22;$ 2.048,10
177;BEB-CUN-POM-600MLX;Cunnington Pomelo 600 ml;Cunnington;Pomelo;600 ml Botella (consumo al paso);Bebidas;Gaseosas;600;ml;;$ 900,10;$ 1.089,12;$ 1.484,21
178;BEB-CUN-POM-125LXX;Cunnington Pomelo 1.25 L;Cunnington;Pomelo;1.25 L Botella (hogar);Bebidas;Gaseosas;1,25;L;;$ 964,21;$ 1.166,69;$ 1.918,44
179;BEB-CUN-POM-15LXX;Cunnington Pomelo 1.5 L;Cunnington;Pomelo;1.5 L Botella (familiar);Bebidas;Gaseosas;1,5;L;;$ 939,95;$ 1.137,34;$ 1.876,80
180;BEB-CUN-POM-2LXX;Cunnington Pomelo 2 L;Cunnington;Pomelo;2 L Botella (familiar);Bebidas;Gaseosas;2;L;;$ 1.021,04;$ 1.235,46;$ 2.137,08
181;BEB-CUN-POM-225LXX;Cunnington Pomelo 2.25 L;Cunnington;Pomelo;2.25 L Botella (familiar);Bebidas;Gaseosas;2,25;L;;$ 943,82;$ 1.142,02;$ 2.091,10
182;BEB-CUN-POM-3LXX;Cunnington Pomelo 3 L;Cunnington;Pomelo;3 L Botella (familiar);Bebidas;Gaseosas;3;L;;$ 640,76;$ 775,32;$ 1.118,51
183;BEB-VIL-SIN-500MLX;Villavicencio Sin gas 500 ml;Villavicencio;Sin gas;500 ml Botella (consumo al paso);Bebidas;Aguas;500;ml;;$ 904,71;$ 1.094,70;$ 1.780,16
184;BEB-VIL-SIN-600MLX;Villavicencio Sin gas 600 ml;Villavicencio;Sin gas;600 ml Botella (consumo al paso);Bebidas;Aguas;600;ml;;$ 1.011,75;$ 1.224,22;$ 2.183,61
185;BEB-VIL-SIN-15LXX;Villavicencio Sin gas 1.5 L;Villavicencio;Sin gas;1.5 L Botella (hogar);Bebidas;Aguas;1,5;L;;$ 933,82;$ 1.129,92;$ 1.577,91
186;BEB-VIL-SIN-2LXX;Villavicencio Sin gas 2 L;Villavicencio;Sin gas;2 L Botella (hogar);Bebidas;Aguas;2;L;;$ 399,94;$ 483,93;$ 803,75
187;BEB-VIL-CON-500MLX;Villavicencio Con gas 500 ml;Villavicencio;Con gas;500 ml Botella (consumo al paso);Bebidas;Aguas;500;ml;;$ 1.037,38;$ 1.255,23;$ 1.932,10
188;BEB-VIL-CON-600MLX;Villavicencio Con gas 600 ml;Villavicencio;Con gas;600 ml Botella (consumo al paso);Bebidas;Aguas;600;ml;;$ 499,27;$ 604,12;$ 1.088,29
189;BEB-VIL-CON-15LXX;Villavicencio Con gas 1.5 L;Villavicencio;Con gas;1.5 L Botella (hogar);Bebidas;Aguas;1,5;L;;$ 421,56;$ 510,09;$ 725,23
190;BEB-VIL-CON-2LXX;Villavicencio Con gas 2 L;Villavicencio;Con gas;2 L Botella (hogar);Bebidas;Aguas;2;L;;$ 1.101,01;$ 1.332,22;$ 2.340,07
191;BEB-ECO-SIN-500MLX;Eco de los Andes Sin gas 500 ml;Eco de los Andes;Sin gas;500 ml Botella (consumo al paso);Bebidas;Aguas;500;ml;;$ 969,32;$ 1.172,88;$ 1.626,64
192;BEB-ECO-SIN-600MLX;Eco de los Andes Sin gas 600 ml;Eco de los Andes;Sin gas;600 ml Botella (consumo al paso);Bebidas;Aguas;600;ml;;$ 1.133,32;$ 1.371,32;$ 2.151,60
193;BEB-ECO-SIN-15LXX;Eco de los Andes Sin gas 1.5 L;Eco de los Andes;Sin gas;1.5 L Botella (hogar);Bebidas;Aguas;1,5;L;;$ 1.125,49;$ 1.361,84;$ 2.532,43
194;BEB-ECO-SIN-2LXX;Eco de los Andes Sin gas 2 L;Eco de los Andes;Sin gas;2 L Botella (hogar);Bebidas;Aguas;2;L;;$ 705,83;$ 854,05;$ 1.195,51
195;BEB-ECO-CON-500MLX;Eco de los Andes Con gas 500 ml;Eco de los Andes;Con gas;500 ml Botella (consumo al paso);Bebidas;Aguas;500;ml;;$ 894,20;$ 1.081,98;$ 1.498,49
196;BEB-ECO-CON-600MLX;Eco de los Andes Con gas 600 ml;Eco de los Andes;Con gas;600 ml Botella (consumo al paso);Bebidas;Aguas;600;ml;;$ 298,72;$ 361,45;$ 585,86
197;BEB-ECO-CON-15LXX;Eco de los Andes Con gas 1.5 L;Eco de los Andes;Con gas;1.5 L Botella (hogar);Bebidas;Aguas;1,5;L;;$ 614,31;$ 743,32;$ 1.090,14
198;BEB-ECO-CON-2LXX;Eco de los Andes Con gas 2 L;Eco de los Andes;Con gas;2 L Botella (hogar);Bebidas;Aguas;2;L;;$ 444,33;$ 537,64;$ 781,87
199;BEB-VIL-SIN-500MLX-2;Villa del Sur Sin gas 500 ml;Villa del Sur;Sin gas;500 ml Botella (consumo al paso);Bebidas;Aguas;500;ml;;$ 403,92;$ 488,74;$ 835,03
200;BEB-VIL-SIN-600MLX-2;Villa del Sur Sin gas 600 ml;Villa del Sur;Sin gas;600 ml Botella (consumo al paso);Bebidas;Aguas;600;ml;;$ 705,84;$ 854,07;$ 1.317,48
201;BEB-VIL-SIN-15LXX-2;Villa del Sur Sin gas 1.5 L;Villa del Sur;Sin gas;1.5 L Botella (hogar);Bebidas;Aguas;1,5;L;;$ 653,54;$ 790,78;$ 1.377,30
202;BEB-VIL-SIN-2LXX-2;Villa del Sur Sin gas 2 L;Villa del Sur;Sin gas;2 L Botella (hogar);Bebidas;Aguas;2;L;;$ 710,03;$ 859,14;$ 1.482,54
203;BEB-VIL-CON-500MLX-2;Villa del Sur Con gas 500 ml;Villa del Sur;Con gas;500 ml Botella (consumo al paso);Bebidas;Aguas;500;ml;;$ 501,50;$ 606,81;$ 1.104,76
204;BEB-VIL-CON-600MLX-2;Villa del Sur Con gas 600 ml;Villa del Sur;Con gas;600 ml Botella (consumo al paso);Bebidas;Aguas;600;ml;;$ 572,81;$ 693,10;$ 1.132,03
205;BEB-VIL-CON-15LXX-2;Villa del Sur Con gas 1.5 L;Villa del Sur;Con gas;1.5 L Botella (hogar);Bebidas;Aguas;1,5;L;;$ 396,97;$ 480,33;$ 685,71
206;BEB-VIL-CON-2LXX-2;Villa del Sur Con gas 2 L;Villa del Sur;Con gas;2 L Botella (hogar);Bebidas;Aguas;2;L;;$ 1.050,67;$ 1.271,31;$ 1.784,42
207;BEB-VIL-SAB-500MLX;Villa del Sur Saborizada Limón 500 ml;Villa del Sur;Saborizada Limón;500 ml Botella (consumo al paso);Bebidas;Aguas;500;ml;;$ 323,43;$ 391,35;$ 666,56
208;BEB-VIL-SAB-600MLX;Villa del Sur Saborizada Limón 600 ml;Villa del Sur;Saborizada Limón;600 ml Botella (consumo al paso);Bebidas;Aguas;600;ml;;$ 1.139,06;$ 1.378,26;$ 2.576,52
209;BEB-VIL-SAB-15LXX;Villa del Sur Saborizada Limón 1.5 L;Villa del Sur;Saborizada Limón;1.5 L Botella (hogar);Bebidas;Aguas;1,5;L;;$ 743,55;$ 899,70;$ 1.358,15
210;BEB-VIL-SAB-2LXX;Villa del Sur Saborizada Limón 2 L;Villa del Sur;Saborizada Limón;2 L Botella (hogar);Bebidas;Aguas;2;L;;$ 881,56;$ 1.066,69;$ 1.644,67
211;BEB-VIL-SAB-500MLX-2;Villa del Sur Saborizada Pomelo 500 ml;Villa del Sur;Saborizada Pomelo;500 ml Botella (consumo al paso);Bebidas;Aguas;500;ml;;$ 958,88;$ 1.160,24;$ 2.021,58
212;BEB-VIL-SAB-600MLX-2;Villa del Sur Saborizada Pomelo 600 ml;Villa del Sur;Saborizada Pomelo;600 ml Botella (consumo al paso);Bebidas;Aguas;600;ml;;$ 791,67;$ 957,92;$ 1.371,94
213;BEB-VIL-SAB-15LXX-2;Villa del Sur Saborizada Pomelo 1.5 L;Villa del Sur;Saborizada Pomelo;1.5 L Botella (hogar);Bebidas;Aguas;1,5;L;;$ 1.090,83;$ 1.319,90;$ 1.860,56
214;BEB-VIL-SAB-2LXX-2;Villa del Sur Saborizada Pomelo 2 L;Villa del Sur;Saborizada Pomelo;2 L Botella (hogar);Bebidas;Aguas;2;L;;$ 801,09;$ 969,32;$ 1.685,61
215;BEB-CEP-NAR-200MLX;Cepita Naranja 200 ml;Cepita;Naranja;200 ml Tetra (consumo al paso);Bebidas;Jugos y Néctares;200;ml;;$ 539,08;$ 652,29;$ 954,85
216;BEB-CEP-NAR-1LXX;Cepita Naranja 1 L;Cepita;Naranja;1 L Tetra (hogar);Bebidas;Jugos y Néctares;1;L;;$ 985,22;$ 1.192,12;$ 1.904,91
217;BEB-CEP-MAN-200MLX;Cepita Manzana 200 ml;Cepita;Manzana;200 ml Tetra (consumo al paso);Bebidas;Jugos y Néctares;200;ml;;$ 1.020,91;$ 1.235,30;$ 1.921,72
218;BEB-CEP-MAN-1LXX;Cepita Manzana 1 L;Cepita;Manzana;1 L Tetra (hogar);Bebidas;Jugos y Néctares;1;L;;$ 290,62;$ 351,65;$ 618,37
219;BEB-CEP-MUL-200MLX;Cepita Multifruta 200 ml;Cepita;Multifruta;200 ml Tetra (consumo al paso);Bebidas;Jugos y Néctares;200;ml;;$ 498,75;$ 603,49;$ 876,42
220;BEB-CEP-MUL-1LXX;Cepita Multifruta 1 L;Cepita;Multifruta;1 L Tetra (hogar);Bebidas;Jugos y Néctares;1;L;;$ 469,29;$ 567,84;$ 899,15
221;BEB-BAG-NAR-200MLX;Baggio Naranja 200 ml;Baggio;Naranja;200 ml Tetra (consumo al paso);Bebidas;Jugos y Néctares;200;ml;;$ 273,63;$ 331,09;$ 571,31
222;BEB-BAG-NAR-1LXX;Baggio Naranja 1 L;Baggio;Naranja;1 L Tetra (hogar);Bebidas;Jugos y Néctares;1;L;;$ 856,54;$ 1.036,41;$ 1.909,42
223;BEB-BAG-DUR-200MLX;Baggio Durazno 200 ml;Baggio;Durazno;200 ml Tetra (consumo al paso);Bebidas;Jugos y Néctares;200;ml;;$ 515,24;$ 623,44;$ 950,83
224;BEB-BAG-DUR-1LXX;Baggio Durazno 1 L;Baggio;Durazno;1 L Tetra (hogar);Bebidas;Jugos y Néctares;1;L;;$ 414,72;$ 501,81;$ 830,51
225;BEB-ADE-MAN-200MLX;Ades Manzana 200 ml;Ades;Manzana;200 ml Tetra (consumo al paso);Bebidas;Jugos y Néctares;200;ml;;$ 600,00;$ 726,00;$ 1.251,48
226;BEB-ADE-MAN-1LXX;Ades Manzana 1 L;Ades;Manzana;1 L Tetra (hogar);Bebidas;Jugos y Néctares;1;L;;$ 1.085,86;$ 1.313,89;$ 2.149,26
227;BEB-ADE-NAR-200MLX;Ades Naranja 200 ml;Ades;Naranja;200 ml Tetra (consumo al paso);Bebidas;Jugos y Néctares;200;ml;;$ 1.065,74;$ 1.289,55;$ 1.974,69
228;BEB-ADE-NAR-1LXX;Ades Naranja 1 L;Ades;Naranja;1 L Tetra (hogar);Bebidas;Jugos y Néctares;1;L;;$ 420,46;$ 508,76;$ 738,77
229;BEB-RED-REG-250MLX;Red Bull Regular 250 ml;Red Bull;Regular;250 ml Lata (lata individual);Bebidas;Energizantes;250;ml;;$ 327,46;$ 396,23;$ 605,72
230;BEB-RED-REG-473MLX;Red Bull Regular 473 ml;Red Bull;Regular;473 ml Lata (lata grande);Bebidas;Energizantes;473;ml;;$ 1.173,55;$ 1.420,00;$ 1.938,33
231;BEB-RED-SUG-250MLX;Red Bull Sugarfree 250 ml;Red Bull;Sugarfree;250 ml Lata (lata individual);Bebidas;Energizantes;250;ml;;$ 318,60;$ 385,51;$ 593,83
232;BEB-RED-SUG-473MLX;Red Bull Sugarfree 473 ml;Red Bull;Sugarfree;473 ml Lata (lata grande);Bebidas;Energizantes;473;ml;;$ 786,08;$ 951,16;$ 1.491,24
233;BEB-SPE-REG-250MLX;Speed Regular 250 ml;Speed;Regular;250 ml Lata (lata individual);Bebidas;Energizantes;250;ml;;$ 860,83;$ 1.041,60;$ 1.854,19
234;BEB-SPE-REG-473MLX;Speed Regular 473 ml;Speed;Regular;473 ml Lata (lata grande);Bebidas;Energizantes;473;ml;;$ 261,29;$ 316,16;$ 594,95
235;BEB-MON-ORI-250MLX;Monster Original 250 ml;Monster;Original;250 ml Lata (lata individual);Bebidas;Energizantes;250;ml;;$ 1.064,03;$ 1.287,48;$ 1.830,67
236;BEB-MON-ORI-473MLX;Monster Original 473 ml;Monster;Original;473 ml Lata (lata grande);Bebidas;Energizantes;473;ml;;$ 311,78;$ 377,25;$ 553,62
237;BEB-MON-ULT-250MLX;Monster Ultra 250 ml;Monster;Ultra;250 ml Lata (lata individual);Bebidas;Energizantes;250;ml;;$ 280,45;$ 339,34;$ 626,34
238;BEB-MON-ULT-473MLX;Monster Ultra 473 ml;Monster;Ultra;473 ml Lata (lata grande);Bebidas;Energizantes;473;ml;;$ 443,10;$ 536,15;$ 985,23
239;BEB-POW-MOU-500MLX;Powerade Mountain Blast 500 ml;Powerade;Mountain Blast;500 ml Botella (deporte);Bebidas;Isotónicas;500;ml;;$ 291,21;$ 352,36;$ 516,31
240;BEB-POW-MOU-1LXX;Powerade Mountain Blast 1 L;Powerade;Mountain Blast;1 L Botella (deporte);Bebidas;Isotónicas;1;L;;$ 296,44;$ 358,69;$ 681,48
241;BEB-POW-ZER-500MLX;Powerade Zero 500 ml;Powerade;Zero;500 ml Botella (deporte);Bebidas;Isotónicas;500;ml;;$ 1.187,48;$ 1.436,85;$ 2.531,32
242;BEB-POW-ZER-1LXX;Powerade Zero 1 L;Powerade;Zero;1 L Botella (deporte);Bebidas;Isotónicas;1;L;;$ 757,10;$ 916,09;$ 1.281,12
243;BEB-GAT-LIM-500MLX;Gatorade Lima-Limón 500 ml;Gatorade;Lima-Limón;500 ml Botella (deporte);Bebidas;Isotónicas;500;ml;;$ 987,16;$ 1.194,46;$ 1.878,87
244;BEB-GAT-LIM-1LXX;Gatorade Lima-Limón 1 L;Gatorade;Lima-Limón;1 L Botella (deporte);Bebidas;Isotónicas;1;L;;$ 575,17;$ 695,96;$ 1.095,02
245;BEB-GAT-NAR-500MLX;Gatorade Naranja 500 ml;Gatorade;Naranja;500 ml Botella (deporte);Bebidas;Isotónicas;500;ml;;$ 829,90;$ 1.004,18;$ 1.870,61
246;BEB-GAT-NAR-1LXX;Gatorade Naranja 1 L;Gatorade;Naranja;1 L Botella (deporte);Bebidas;Isotónicas;1;L;;$ 432,30;$ 523,08;$ 762,58
247;ALC-QUI-CLÁ-330MLX;Cerveza Quilmes Clásica 330 ml;Quilmes;Clásica;330 ml Lata (consumo al paso);Alcohol;Cerveza;330;ml;;$ 2.985,52;$ 3.612,48;$ 6.043,29
248;ALC-QUI-CLÁ-330MLX-P6;Cerveza Quilmes Clásica 330ml Pack x6;Quilmes;Clásica;Pack x6 (330 ml Lata);Alcohol;Cerveza;330;ml;;$ 1.691,51;$ 2.046,73;$ 3.608,37
249;ALC-QUI-CLÁ-330MLX-P12;Cerveza Quilmes Clásica 330ml Pack x12;Quilmes;Clásica;Pack x12 (330 ml Lata);Alcohol;Cerveza;330;ml;;$ 1.998,53;$ 2.418,22;$ 3.426,63
250;ALC-QUI-CLÁ-354MLX;Cerveza Quilmes Clásica 354 ml;Quilmes;Clásica;354 ml Lata (consumo al paso);Alcohol;Cerveza;354;ml;;$ 2.597,36;$ 3.142,81;$ 4.252,99
251;ALC-QUI-CLÁ-354MLX-P6;Cerveza Quilmes Clásica 354ml Pack x6;Quilmes;Clásica;Pack x6 (354 ml Lata);Alcohol;Cerveza;354;ml;;$ 1.343,99;$ 1.626,23;$ 2.738,60
252;ALC-QUI-CLÁ-354MLX-P12;Cerveza Quilmes Clásica 354ml Pack x12;Quilmes;Clásica;Pack x12 (354 ml Lata);Alcohol;Cerveza;354;ml;;$ 2.804,43;$ 3.393,36;$ 5.600,00
253;ALC-QUI-CLÁ-473MLX;Cerveza Quilmes Clásica 473 ml;Quilmes;Clásica;473 ml Lata (consumo al paso);Alcohol;Cerveza;473;ml;;$ 3.063,75;$ 3.707,14;$ 5.085,29
254;ALC-QUI-CLÁ-473MLX-P6;Cerveza Quilmes Clásica 473ml Pack x6;Quilmes;Clásica;Pack x6 (473 ml Lata);Alcohol;Cerveza;473;ml;;$ 2.635,17;$ 3.188,56;$ 5.021,24
255;ALC-QUI-CLÁ-473MLX-P12;Cerveza Quilmes Clásica 473ml Pack x12;Quilmes;Clásica;Pack x12 (473 ml Lata);Alcohol;Cerveza;473;ml;;$ 2.340,79;$ 2.832,36;$ 5.278,14
256;ALC-QUI-CLÁ-500MLX;Cerveza Quilmes Clásica 500 ml;Quilmes;Clásica;500 ml Lata (consumo al paso);Alcohol;Cerveza;500;ml;;$ 1.651,59;$ 1.998,42;$ 2.989,09
257;ALC-QUI-CLÁ-1LXX;Cerveza Quilmes Clásica 1 L;Quilmes;Clásica;1 L Botella (hogar);Alcohol;Cerveza;1;L;;$ 2.333,20;$ 2.823,17;$ 5.061,37
258;ALC-QUI-STO-330MLX;Cerveza Quilmes Stout 330 ml;Quilmes;Stout;330 ml Lata (consumo al paso);Alcohol;Cerveza;330;ml;;$ 2.719,21;$ 3.290,24;$ 4.891,94
259;ALC-QUI-STO-330MLX-P6;Cerveza Quilmes Stout 330ml Pack x6;Quilmes;Stout;Pack x6 (330 ml Lata);Alcohol;Cerveza;330;ml;;$ 635,64;$ 769,12;$ 1.170,58
260;ALC-QUI-STO-330MLX-P12;Cerveza Quilmes Stout 330ml Pack x12;Quilmes;Stout;Pack x12 (330 ml Lata);Alcohol;Cerveza;330;ml;;$ 2.601,69;$ 3.148,04;$ 4.273,42
261;ALC-QUI-STO-354MLX;Cerveza Quilmes Stout 354 ml;Quilmes;Stout;354 ml Lata (consumo al paso);Alcohol;Cerveza;354;ml;;$ 1.541,44;$ 1.865,14;$ 3.494,05
262;ALC-QUI-STO-354MLX-P6;Cerveza Quilmes Stout 354ml Pack x6;Quilmes;Stout;Pack x6 (354 ml Lata);Alcohol;Cerveza;354;ml;;$ 2.322,74;$ 2.810,52;$ 5.240,45
263;ALC-QUI-STO-354MLX-P12;Cerveza Quilmes Stout 354ml Pack x12;Quilmes;Stout;Pack x12 (354 ml Lata);Alcohol;Cerveza;354;ml;;$ 3.448,59;$ 4.172,79;$ 7.218,63
264;ALC-QUI-STO-473MLX;Cerveza Quilmes Stout 473 ml;Quilmes;Stout;473 ml Lata (consumo al paso);Alcohol;Cerveza;473;ml;;$ 780,27;$ 944,13;$ 1.516,02
265;ALC-QUI-STO-473MLX-P6;Cerveza Quilmes Stout 473ml Pack x6;Quilmes;Stout;Pack x6 (473 ml Lata);Alcohol;Cerveza;473;ml;;$ 771,46;$ 933,47;$ 1.372,87
266;ALC-QUI-STO-473MLX-P12;Cerveza Quilmes Stout 473ml Pack x12;Quilmes;Stout;Pack x12 (473 ml Lata);Alcohol;Cerveza;473;ml;;$ 2.556,88;$ 3.093,82;$ 5.033,83
267;ALC-QUI-STO-500MLX;Cerveza Quilmes Stout 500 ml;Quilmes;Stout;500 ml Lata (consumo al paso);Alcohol;Cerveza;500;ml;;$ 1.623,21;$ 1.964,08;$ 2.995,93
268;ALC-QUI-STO-1LXX;Cerveza Quilmes Stout 1 L;Quilmes;Stout;1 L Botella (hogar);Alcohol;Cerveza;1;L;;$ 2.062,23;$ 2.495,30;$ 3.929,62
269;ALC-QUI-00X-330MLX;Cerveza Quilmes 0.0 330 ml;Quilmes;0.0;330 ml Lata (consumo al paso);Alcohol;Cerveza;330;ml;;$ 1.641,69;$ 1.986,44;$ 3.700,64
270;ALC-QUI-00X-330MLX-P6;Cerveza Quilmes 0.0 330ml Pack x6;Quilmes;0.0;Pack x6 (330 ml Lata);Alcohol;Cerveza;330;ml;;$ 2.738,76;$ 3.313,90;$ 4.789,16
271;ALC-QUI-00X-330MLX-P12;Cerveza Quilmes 0.0 330ml Pack x12;Quilmes;0.0;Pack x12 (330 ml Lata);Alcohol;Cerveza;330;ml;;$ 1.611,93;$ 1.950,44;$ 2.919,51
272;ALC-QUI-00X-354MLX;Cerveza Quilmes 0.0 354 ml;Quilmes;0.0;354 ml Lata (consumo al paso);Alcohol;Cerveza;354;ml;;$ 2.133,61;$ 2.581,67;$ 4.158,89
273;ALC-QUI-00X-354MLX-P6;Cerveza Quilmes 0.0 354ml Pack x6;Quilmes;0.0;Pack x6 (354 ml Lata);Alcohol;Cerveza;354;ml;;$ 899,02;$ 1.087,81;$ 1.541,49
274;ALC-QUI-00X-354MLX-P12;Cerveza Quilmes 0.0 354ml Pack x12;Quilmes;0.0;Pack x12 (354 ml Lata);Alcohol;Cerveza;354;ml;;$ 2.288,35;$ 2.768,90;$ 4.364,31
275;ALC-QUI-00X-473MLX;Cerveza Quilmes 0.0 473 ml;Quilmes;0.0;473 ml Lata (consumo al paso);Alcohol;Cerveza;473;ml;;$ 2.474,47;$ 2.994,11;$ 5.468,87
276;ALC-QUI-00X-473MLX-P6;Cerveza Quilmes 0.0 473ml Pack x6;Quilmes;0.0;Pack x6 (473 ml Lata);Alcohol;Cerveza;473;ml;;$ 2.971,30;$ 3.595,27;$ 5.220,13
277;ALC-QUI-00X-473MLX-P12;Cerveza Quilmes 0.0 473ml Pack x12;Quilmes;0.0;Pack x12 (473 ml Lata);Alcohol;Cerveza;473;ml;;$ 2.800,96;$ 3.389,16;$ 5.817,65
278;ALC-QUI-00X-500MLX;Cerveza Quilmes 0.0 500 ml;Quilmes;0.0;500 ml Lata (consumo al paso);Alcohol;Cerveza;500;ml;;$ 2.245,15;$ 2.716,63;$ 4.483,82
279;ALC-QUI-00X-1LXX;Cerveza Quilmes 0.0 1 L;Quilmes;0.0;1 L Botella (hogar);Alcohol;Cerveza;1;L;;$ 3.015,21;$ 3.648,40;$ 6.451,12
280;ALC-BRA-CHO-330MLX;Cerveza Brahma Chopp 330 ml;Brahma;Chopp;330 ml Lata (consumo al paso);Alcohol;Cerveza;330;ml;;$ 3.308,42;$ 4.003,19;$ 6.779,43
281;ALC-BRA-CHO-330MLX-P6;Cerveza Brahma Chopp 330ml Pack x6;Brahma;Chopp;Pack x6 (330 ml Lata);Alcohol;Cerveza;330;ml;;$ 1.726,01;$ 2.088,47;$ 3.824,80
282;ALC-BRA-CHO-330MLX-P12;Cerveza Brahma Chopp 330ml Pack x12;Brahma;Chopp;Pack x12 (330 ml Lata);Alcohol;Cerveza;330;ml;;$ 1.242,49;$ 1.503,41;$ 2.176,76
283;ALC-BRA-CHO-354MLX;Cerveza Brahma Chopp 354 ml;Brahma;Chopp;354 ml Lata (consumo al paso);Alcohol;Cerveza;354;ml;;$ 2.032,54;$ 2.459,37;$ 3.656,98
284;ALC-BRA-CHO-354MLX-P6;Cerveza Brahma Chopp 354ml Pack x6;Brahma;Chopp;Pack x6 (354 ml Lata);Alcohol;Cerveza;354;ml;;$ 1.065,43;$ 1.289,17;$ 2.316,31
285;ALC-BRA-CHO-354MLX-P12;Cerveza Brahma Chopp 354ml Pack x12;Brahma;Chopp;Pack x12 (354 ml Lata);Alcohol;Cerveza;354;ml;;$ 1.420,40;$ 1.718,68;$ 2.536,24
286;ALC-BRA-CHO-473MLX;Cerveza Brahma Chopp 473 ml;Brahma;Chopp;473 ml Lata (consumo al paso);Alcohol;Cerveza;473;ml;;$ 2.997,00;$ 3.626,37;$ 6.699,47
287;ALC-BRA-CHO-473MLX-P6;Cerveza Brahma Chopp 473ml Pack x6;Brahma;Chopp;Pack x6 (473 ml Lata);Alcohol;Cerveza;473;ml;;$ 1.540,47;$ 1.863,97;$ 2.563,83
288;ALC-BRA-CHO-473MLX-P12;Cerveza Brahma Chopp 473ml Pack x12;Brahma;Chopp;Pack x12 (473 ml Lata);Alcohol;Cerveza;473;ml;;$ 3.189,94;$ 3.859,83;$ 5.476,80
289;ALC-BRA-CHO-500MLX;Cerveza Brahma Chopp 500 ml;Brahma;Chopp;500 ml Lata (consumo al paso);Alcohol;Cerveza;500;ml;;$ 3.077,88;$ 3.724,23;$ 6.383,21
290;ALC-BRA-CHO-1LXX;Cerveza Brahma Chopp 1 L;Brahma;Chopp;1 L Botella (hogar);Alcohol;Cerveza;1;L;;$ 1.261,81;$ 1.526,79;$ 2.676,57
291;ALC-AND-RUB-330MLX;Cerveza Andes Rubia 330 ml;Andes;Rubia;330 ml Lata (consumo al paso);Alcohol;Cerveza;330;ml;;$ 2.149,58;$ 2.600,99;$ 4.276,92
292;ALC-AND-RUB-330MLX-P6;Cerveza Andes Rubia 330ml Pack x6;Andes;Rubia;Pack x6 (330 ml Lata);Alcohol;Cerveza;330;ml;;$ 1.159,37;$ 1.402,84;$ 1.909,32
293;ALC-AND-RUB-330MLX-P12;Cerveza Andes Rubia 330ml Pack x12;Andes;Rubia;Pack x12 (330 ml Lata);Alcohol;Cerveza;330;ml;;$ 3.446,08;$ 4.169,76;$ 6.237,97
294;ALC-AND-RUB-354MLX;Cerveza Andes Rubia 354 ml;Andes;Rubia;354 ml Lata (consumo al paso);Alcohol;Cerveza;354;ml;;$ 2.880,94;$ 3.485,94;$ 6.444,41
295;ALC-AND-RUB-354MLX-P6;Cerveza Andes Rubia 354ml Pack x6;Andes;Rubia;Pack x6 (354 ml Lata);Alcohol;Cerveza;354;ml;;$ 726,25;$ 878,76;$ 1.282,54
296;ALC-AND-RUB-354MLX-P12;Cerveza Andes Rubia 354ml Pack x12;Andes;Rubia;Pack x12 (354 ml Lata);Alcohol;Cerveza;354;ml;;$ 2.762,18;$ 3.342,24;$ 5.086,10
297;ALC-AND-RUB-473MLX;Cerveza Andes Rubia 473 ml;Andes;Rubia;473 ml Lata (consumo al paso);Alcohol;Cerveza;473;ml;;$ 2.147,20;$ 2.598,11;$ 4.285,01
298;ALC-AND-RUB-473MLX-P6;Cerveza Andes Rubia 473ml Pack x6;Andes;Rubia;Pack x6 (473 ml Lata);Alcohol;Cerveza;473;ml;;$ 1.736,62;$ 2.101,31;$ 3.073,62
299;ALC-AND-RUB-473MLX-P12;Cerveza Andes Rubia 473ml Pack x12;Andes;Rubia;Pack x12 (473 ml Lata);Alcohol;Cerveza;473;ml;;$ 1.698,33;$ 2.054,98;$ 2.929,02
300;ALC-AND-RUB-500MLX;Cerveza Andes Rubia 500 ml;Andes;Rubia;500 ml Lata (consumo al paso);Alcohol;Cerveza;500;ml;;$ 946,80;$ 1.145,63;$ 1.738,53
301;ALC-AND-RUB-1LXX;Cerveza Andes Rubia 1 L;Andes;Rubia;1 L Botella (hogar);Alcohol;Cerveza;1;L;;$ 2.481,63;$ 3.002,77;$ 4.562,06
302;ALC-AND-IPA-330MLX;Cerveza Andes IPA 330 ml;Andes;IPA;330 ml Lata (consumo al paso);Alcohol;Cerveza;330;ml;;$ 3.157,06;$ 3.820,04;$ 5.536,89
303;ALC-AND-IPA-330MLX-P6;Cerveza Andes IPA 330ml Pack x6;Andes;IPA;Pack x6 (330 ml Lata);Alcohol;Cerveza;330;ml;;$ 3.030,12;$ 3.666,45;$ 6.341,35
304;ALC-AND-IPA-330MLX-P12;Cerveza Andes IPA 330ml Pack x12;Andes;IPA;Pack x12 (330 ml Lata);Alcohol;Cerveza;330;ml;;$ 945,13;$ 1.143,61;$ 2.013,02
305;ALC-AND-IPA-354MLX;Cerveza Andes IPA 354 ml;Andes;IPA;354 ml Lata (consumo al paso);Alcohol;Cerveza;354;ml;;$ 2.750,16;$ 3.327,69;$ 6.313,70
306;ALC-AND-IPA-354MLX-P6;Cerveza Andes IPA 354ml Pack x6;Andes;IPA;Pack x6 (354 ml Lata);Alcohol;Cerveza;354;ml;;$ 1.017,59;$ 1.231,28;$ 2.223,66
307;ALC-AND-IPA-354MLX-P12;Cerveza Andes IPA 354ml Pack x12;Andes;IPA;Pack x12 (354 ml Lata);Alcohol;Cerveza;354;ml;;$ 2.007,55;$ 2.429,14;$ 4.528,21
308;ALC-AND-IPA-473MLX;Cerveza Andes IPA 473 ml;Andes;IPA;473 ml Lata (consumo al paso);Alcohol;Cerveza;473;ml;;$ 1.039,11;$ 1.257,32;$ 2.268,76
309;ALC-AND-IPA-473MLX-P6;Cerveza Andes IPA 473ml Pack x6;Andes;IPA;Pack x6 (473 ml Lata);Alcohol;Cerveza;473;ml;;$ 2.385,26;$ 2.886,16;$ 5.020,17
310;ALC-AND-IPA-473MLX-P12;Cerveza Andes IPA 473ml Pack x12;Andes;IPA;Pack x12 (473 ml Lata);Alcohol;Cerveza;473;ml;;$ 751,10;$ 908,83;$ 1.242,12
311;ALC-AND-IPA-500MLX;Cerveza Andes IPA 500 ml;Andes;IPA;500 ml Lata (consumo al paso);Alcohol;Cerveza;500;ml;;$ 2.876,19;$ 3.480,19;$ 4.810,41
312;ALC-AND-IPA-1LXX;Cerveza Andes IPA 1 L;Andes;IPA;1 L Botella (hogar);Alcohol;Cerveza;1;L;;$ 1.566,10;$ 1.894,98;$ 3.057,68
313;ALC-STE-RUB-330MLX;Cerveza Stella Artois Rubia 330 ml;Stella Artois;Rubia;330 ml Lata (consumo al paso);Alcohol;Cerveza;330;ml;;$ 2.350,86;$ 2.844,54;$ 5.053,89
314;ALC-STE-RUB-330MLX-P6;Cerveza Stella Artois Rubia 330ml Pack x6;Stella Artois;Rubia;Pack x6 (330 ml Lata);Alcohol;Cerveza;330;ml;;$ 787,24;$ 952,56;$ 1.770,01
315;ALC-STE-RUB-330MLX-P12;Cerveza Stella Artois Rubia 330ml Pack x12;Stella Artois;Rubia;Pack x12 (330 ml Lata);Alcohol;Cerveza;330;ml;;$ 994,90;$ 1.203,83;$ 1.682,85
316;ALC-STE-RUB-354MLX;Cerveza Stella Artois Rubia 354 ml;Stella Artois;Rubia;354 ml Lata (consumo al paso);Alcohol;Cerveza;354;ml;;$ 3.386,05;$ 4.097,12;$ 7.580,20
317;ALC-STE-RUB-354MLX-P6;Cerveza Stella Artois Rubia 354ml Pack x6;Stella Artois;Rubia;Pack x6 (354 ml Lata);Alcohol;Cerveza;354;ml;;$ 2.062,66;$ 2.495,82;$ 4.308,47
318;ALC-STE-RUB-354MLX-P12;Cerveza Stella Artois Rubia 354ml Pack x12;Stella Artois;Rubia;Pack x12 (354 ml Lata);Alcohol;Cerveza;354;ml;;$ 1.520,68;$ 1.840,02;$ 2.911,99
319;ALC-STE-RUB-473MLX;Cerveza Stella Artois Rubia 473 ml;Stella Artois;Rubia;473 ml Lata (consumo al paso);Alcohol;Cerveza;473;ml;;$ 1.361,90;$ 1.647,90;$ 3.115,21
320;ALC-STE-RUB-473MLX-P6;Cerveza Stella Artois Rubia 473ml Pack x6;Stella Artois;Rubia;Pack x6 (473 ml Lata);Alcohol;Cerveza;473;ml;;$ 1.234,17;$ 1.493,35;$ 2.820,34
321;ALC-STE-RUB-473MLX-P12;Cerveza Stella Artois Rubia 473ml Pack x12;Stella Artois;Rubia;Pack x12 (473 ml Lata);Alcohol;Cerveza;473;ml;;$ 2.491,55;$ 3.014,78;$ 5.663,10
322;ALC-STE-RUB-500MLX;Cerveza Stella Artois Rubia 500 ml;Stella Artois;Rubia;500 ml Lata (consumo al paso);Alcohol;Cerveza;500;ml;;$ 1.579,55;$ 1.911,26;$ 3.502,40
323;ALC-STE-RUB-1LXX;Cerveza Stella Artois Rubia 1 L;Stella Artois;Rubia;1 L Botella (hogar);Alcohol;Cerveza;1;L;;$ 2.566,88;$ 3.105,92;$ 4.913,10
324;ALC-HEI-ORI-330MLX;Cerveza Heineken Original 330 ml;Heineken;Original;330 ml Lata (consumo al paso);Alcohol;Cerveza;330;ml;;$ 2.007,47;$ 2.429,04;$ 4.465,49
325;ALC-HEI-ORI-330MLX-P6;Cerveza Heineken Original 330ml Pack x6;Heineken;Original;Pack x6 (330 ml Lata);Alcohol;Cerveza;330;ml;;$ 2.914,73;$ 3.526,82;$ 5.514,94
326;ALC-HEI-ORI-330MLX-P12;Cerveza Heineken Original 330ml Pack x12;Heineken;Original;Pack x12 (330 ml Lata);Alcohol;Cerveza;330;ml;;$ 1.478,30;$ 1.788,74;$ 2.943,47
327;ALC-HEI-ORI-354MLX;Cerveza Heineken Original 354 ml;Heineken;Original;354 ml Lata (consumo al paso);Alcohol;Cerveza;354;ml;;$ 2.326,99;$ 2.815,66;$ 4.578,20
328;ALC-HEI-ORI-354MLX-P6;Cerveza Heineken Original 354ml Pack x6;Heineken;Original;Pack x6 (354 ml Lata);Alcohol;Cerveza;354;ml;;$ 2.517,91;$ 3.046,67;$ 4.716,79
329;ALC-HEI-ORI-354MLX-P12;Cerveza Heineken Original 354ml Pack x12;Heineken;Original;Pack x12 (354 ml Lata);Alcohol;Cerveza;354;ml;;$ 1.419,07;$ 1.717,07;$ 2.585,74
330;ALC-HEI-ORI-473MLX;Cerveza Heineken Original 473 ml;Heineken;Original;473 ml Lata (consumo al paso);Alcohol;Cerveza;473;ml;;$ 938,33;$ 1.135,38;$ 1.905,05
331;ALC-HEI-ORI-473MLX-P6;Cerveza Heineken Original 473ml Pack x6;Heineken;Original;Pack x6 (473 ml Lata);Alcohol;Cerveza;473;ml;;$ 2.255,19;$ 2.728,78;$ 4.662,17
332;ALC-HEI-ORI-473MLX-P12;Cerveza Heineken Original 473ml Pack x12;Heineken;Original;Pack x12 (473 ml Lata);Alcohol;Cerveza;473;ml;;$ 675,38;$ 817,21;$ 1.535,06
333;ALC-HEI-ORI-500MLX;Cerveza Heineken Original 500 ml;Heineken;Original;500 ml Lata (consumo al paso);Alcohol;Cerveza;500;ml;;$ 676,17;$ 818,17;$ 1.322,65
334;ALC-HEI-ORI-1LXX;Cerveza Heineken Original 1 L;Heineken;Original;1 L Botella (hogar);Alcohol;Cerveza;1;L;;$ 1.485,92;$ 1.797,96;$ 3.033,30
335;ALC-SCH-RUB-330MLX;Cerveza Schneider Rubia 330 ml;Schneider;Rubia;330 ml Lata (consumo al paso);Alcohol;Cerveza;330;ml;;$ 2.356,16;$ 2.850,95;$ 4.720,58
336;ALC-SCH-RUB-330MLX-P6;Cerveza Schneider Rubia 330ml Pack x6;Schneider;Rubia;Pack x6 (330 ml Lata);Alcohol;Cerveza;330;ml;;$ 3.155,94;$ 3.818,69;$ 5.301,01
337;ALC-SCH-RUB-330MLX-P12;Cerveza Schneider Rubia 330ml Pack x12;Schneider;Rubia;Pack x12 (330 ml Lata);Alcohol;Cerveza;330;ml;;$ 2.937,68;$ 3.554,59;$ 6.721,74
338;ALC-SCH-RUB-354MLX;Cerveza Schneider Rubia 354 ml;Schneider;Rubia;354 ml Lata (consumo al paso);Alcohol;Cerveza;354;ml;;$ 2.647,13;$ 3.203,03;$ 4.324,34
339;ALC-SCH-RUB-354MLX-P6;Cerveza Schneider Rubia 354ml Pack x6;Schneider;Rubia;Pack x6 (354 ml Lata);Alcohol;Cerveza;354;ml;;$ 1.122,55;$ 1.358,29;$ 2.468,81
340;ALC-SCH-RUB-354MLX-P12;Cerveza Schneider Rubia 354ml Pack x12;Schneider;Rubia;Pack x12 (354 ml Lata);Alcohol;Cerveza;354;ml;;$ 3.306,82;$ 4.001,25;$ 6.963,82
341;ALC-SCH-RUB-473MLX;Cerveza Schneider Rubia 473 ml;Schneider;Rubia;473 ml Lata (consumo al paso);Alcohol;Cerveza;473;ml;;$ 2.168,04;$ 2.623,33;$ 4.760,04
342;ALC-SCH-RUB-473MLX-P6;Cerveza Schneider Rubia 473ml Pack x6;Schneider;Rubia;Pack x6 (473 ml Lata);Alcohol;Cerveza;473;ml;;$ 646,33;$ 782,06;$ 1.461,78
343;ALC-SCH-RUB-473MLX-P12;Cerveza Schneider Rubia 473ml Pack x12;Schneider;Rubia;Pack x12 (473 ml Lata);Alcohol;Cerveza;473;ml;;$ 1.004,07;$ 1.214,92;$ 2.240,53
344;ALC-SCH-RUB-500MLX;Cerveza Schneider Rubia 500 ml;Schneider;Rubia;500 ml Lata (consumo al paso);Alcohol;Cerveza;500;ml;;$ 3.324,88;$ 4.023,10;$ 6.695,04
345;ALC-SCH-RUB-1LXX;Cerveza Schneider Rubia 1 L;Schneider;Rubia;1 L Botella (hogar);Alcohol;Cerveza;1;L;;$ 724,90;$ 877,13;$ 1.316,99
346;ALC-IMP-GOL-330MLX;Cerveza Imperial Golden 330 ml;Imperial;Golden;330 ml Lata (consumo al paso);Alcohol;Cerveza;330;ml;;$ 1.407,58;$ 1.703,17;$ 2.781,26
347;ALC-IMP-GOL-330MLX-P6;Cerveza Imperial Golden 330ml Pack x6;Imperial;Golden;Pack x6 (330 ml Lata);Alcohol;Cerveza;330;ml;;$ 2.347,14;$ 2.840,04;$ 4.361,34
348;ALC-IMP-GOL-330MLX-P12;Cerveza Imperial Golden 330ml Pack x12;Imperial;Golden;Pack x12 (330 ml Lata);Alcohol;Cerveza;330;ml;;$ 3.037,36;$ 3.675,21;$ 5.044,32
349;ALC-IMP-GOL-354MLX;Cerveza Imperial Golden 354 ml;Imperial;Golden;354 ml Lata (consumo al paso);Alcohol;Cerveza;354;ml;;$ 2.561,19;$ 3.099,04;$ 4.755,39
350;ALC-IMP-GOL-354MLX-P6;Cerveza Imperial Golden 354ml Pack x6;Imperial;Golden;Pack x6 (354 ml Lata);Alcohol;Cerveza;354;ml;;$ 1.245,73;$ 1.507,33;$ 2.136,20
351;ALC-IMP-GOL-354MLX-P12;Cerveza Imperial Golden 354ml Pack x12;Imperial;Golden;Pack x12 (354 ml Lata);Alcohol;Cerveza;354;ml;;$ 1.760,17;$ 2.129,81;$ 3.036,56
352;ALC-IMP-GOL-473MLX;Cerveza Imperial Golden 473 ml;Imperial;Golden;473 ml Lata (consumo al paso);Alcohol;Cerveza;473;ml;;$ 3.283,83;$ 3.973,43;$ 5.450,06
353;ALC-IMP-GOL-473MLX-P6;Cerveza Imperial Golden 473ml Pack x6;Imperial;Golden;Pack x6 (473 ml Lata);Alcohol;Cerveza;473;ml;;$ 2.227,80;$ 2.695,64;$ 4.652,96
354;ALC-IMP-GOL-473MLX-P12;Cerveza Imperial Golden 473ml Pack x12;Imperial;Golden;Pack x12 (473 ml Lata);Alcohol;Cerveza;473;ml;;$ 2.407,72;$ 2.913,34;$ 5.410,26
355;ALC-IMP-GOL-500MLX;Cerveza Imperial Golden 500 ml;Imperial;Golden;500 ml Lata (consumo al paso);Alcohol;Cerveza;500;ml;;$ 2.002,15;$ 2.422,60;$ 3.368,61
356;ALC-IMP-GOL-1LXX;Cerveza Imperial Golden 1 L;Imperial;Golden;1 L Botella (hogar);Alcohol;Cerveza;1;L;;$ 2.933,88;$ 3.549,99;$ 5.939,73
357;ALC-PAT-AMB-330MLX;Cerveza Patagonia Amber Lager 330 ml;Patagonia;Amber Lager;330 ml Lata (consumo al paso);Alcohol;Cerveza;330;ml;;$ 3.300,59;$ 3.993,71;$ 6.878,49
358;ALC-PAT-AMB-330MLX-P6;Cerveza Patagonia Amber Lager 330ml Pack x6;Patagonia;Amber Lager;Pack x6 (330 ml Lata);Alcohol;Cerveza;330;ml;;$ 1.914,22;$ 2.316,21;$ 3.128,11
359;ALC-PAT-AMB-330MLX-P12;Cerveza Patagonia Amber Lager 330ml Pack x12;Patagonia;Amber Lager;Pack x12 (330 ml Lata);Alcohol;Cerveza;330;ml;;$ 911,87;$ 1.103,36;$ 1.929,79
360;ALC-PAT-AMB-354MLX;Cerveza Patagonia Amber Lager 354 ml;Patagonia;Amber Lager;354 ml Lata (consumo al paso);Alcohol;Cerveza;354;ml;;$ 1.131,62;$ 1.369,26;$ 2.198,27
361;ALC-PAT-AMB-354MLX-P6;Cerveza Patagonia Amber Lager 354ml Pack x6;Patagonia;Amber Lager;Pack x6 (354 ml Lata);Alcohol;Cerveza;354;ml;;$ 1.709,06;$ 2.067,96;$ 3.481,42
362;ALC-PAT-AMB-354MLX-P12;Cerveza Patagonia Amber Lager 354ml Pack x12;Patagonia;Amber Lager;Pack x12 (354 ml Lata);Alcohol;Cerveza;354;ml;;$ 3.237,94;$ 3.917,91;$ 6.633,92
363;ALC-PAT-AMB-473MLX;Cerveza Patagonia Amber Lager 473 ml;Patagonia;Amber Lager;473 ml Lata (consumo al paso);Alcohol;Cerveza;473;ml;;$ 3.467,30;$ 4.195,43;$ 7.079,30
364;ALC-PAT-AMB-473MLX-P6;Cerveza Patagonia Amber Lager 473ml Pack x6;Patagonia;Amber Lager;Pack x6 (473 ml Lata);Alcohol;Cerveza;473;ml;;$ 3.011,21;$ 3.643,56;$ 6.301,48
365;ALC-PAT-AMB-473MLX-P12;Cerveza Patagonia Amber Lager 473ml Pack x12;Patagonia;Amber Lager;Pack x12 (473 ml Lata);Alcohol;Cerveza;473;ml;;$ 3.103,92;$ 3.755,74;$ 5.072,62
366;ALC-PAT-AMB-500MLX;Cerveza Patagonia Amber Lager 500 ml;Patagonia;Amber Lager;500 ml Lata (consumo al paso);Alcohol;Cerveza;500;ml;;$ 715,35;$ 865,57;$ 1.227,31
367;ALC-PAT-AMB-1LXX;Cerveza Patagonia Amber Lager 1 L;Patagonia;Amber Lager;1 L Botella (hogar);Alcohol;Cerveza;1;L;;$ 748,35;$ 905,50;$ 1.288,02
368;ALC-BUD-ORI-330MLX;Cerveza Budweiser Original 330 ml;Budweiser;Original;330 ml Lata (consumo al paso);Alcohol;Cerveza;330;ml;;$ 606,25;$ 733,56;$ 1.005,29
369;ALC-BUD-ORI-330MLX-P6;Cerveza Budweiser Original 330ml Pack x6;Budweiser;Original;Pack x6 (330 ml Lata);Alcohol;Cerveza;330;ml;;$ 1.226,41;$ 1.483,96;$ 2.797,75
370;ALC-BUD-ORI-330MLX-P12;Cerveza Budweiser Original 330ml Pack x12;Budweiser;Original;Pack x12 (330 ml Lata);Alcohol;Cerveza;330;ml;;$ 3.494,94;$ 4.228,88;$ 5.804,85
371;ALC-BUD-ORI-354MLX;Cerveza Budweiser Original 354 ml;Budweiser;Original;354 ml Lata (consumo al paso);Alcohol;Cerveza;354;ml;;$ 2.766,99;$ 3.348,06;$ 6.248,77
372;ALC-BUD-ORI-354MLX-P6;Cerveza Budweiser Original 354ml Pack x6;Budweiser;Original;Pack x6 (354 ml Lata);Alcohol;Cerveza;354;ml;;$ 1.733,36;$ 2.097,37;$ 3.063,96
373;ALC-BUD-ORI-354MLX-P12;Cerveza Budweiser Original 354ml Pack x12;Budweiser;Original;Pack x12 (354 ml Lata);Alcohol;Cerveza;354;ml;;$ 2.772,17;$ 3.354,33;$ 4.733,40
374;ALC-BUD-ORI-473MLX;Cerveza Budweiser Original 473 ml;Budweiser;Original;473 ml Lata (consumo al paso);Alcohol;Cerveza;473;ml;;$ 1.948,86;$ 2.358,12;$ 3.796,81
375;ALC-BUD-ORI-473MLX-P6;Cerveza Budweiser Original 473ml Pack x6;Budweiser;Original;Pack x6 (473 ml Lata);Alcohol;Cerveza;473;ml;;$ 1.359,17;$ 1.644,60;$ 2.292,62
376;ALC-BUD-ORI-473MLX-P12;Cerveza Budweiser Original 473ml Pack x12;Budweiser;Original;Pack x12 (473 ml Lata);Alcohol;Cerveza;473;ml;;$ 620,62;$ 750,95;$ 1.189,04
377;ALC-BUD-ORI-500MLX;Cerveza Budweiser Original 500 ml;Budweiser;Original;500 ml Lata (consumo al paso);Alcohol;Cerveza;500;ml;;$ 1.506,94;$ 1.823,40;$ 2.957,58
378;ALC-BUD-ORI-1LXX;Cerveza Budweiser Original 1 L;Budweiser;Original;1 L Botella (hogar);Alcohol;Cerveza;1;L;;$ 771,58;$ 933,61;$ 1.696,01
379;ALC-TOR-TIN-750MLX;Vino Toro Tinto 750 ml;Toro;Tinto;750 ml Botella (mesa);Alcohol;Vinos;750;ml;;$ 2.902,80;$ 3.512,39;$ 5.091,73
380;ALC-TOR-TIN-1LXX;Vino Toro Tinto 1 L;Toro;Tinto;1 L Tetra (mesa);Alcohol;Vinos;1;L;;$ 2.687,40;$ 3.251,75;$ 4.447,79
381;ALC-TOR-TIN-355MLX;Vino Toro Tinto 355 ml;Toro;Tinto;355 ml Lata (listo para beber);Alcohol;Vinos;355;ml;;$ 2.821,53;$ 3.414,05;$ 6.381,01
382;ALC-TOR-TIN-355MLX-P4;Vino Toro Tinto 355ml Pack x4;Toro;Tinto;Pack x4 (355 ml Lata);Alcohol;Vinos;355;ml;;$ 763,57;$ 923,92;$ 1.611,32
383;ALC-TOR-TIN-355MLX-P6;Vino Toro Tinto 355ml Pack x6;Toro;Tinto;Pack x6 (355 ml Lata);Alcohol;Vinos;355;ml;;$ 2.424,24;$ 2.933,33;$ 5.506,21
384;ALC-TOR-BLA-750MLX;Vino Toro Blanco 750 ml;Toro;Blanco;750 ml Botella (mesa);Alcohol;Vinos;750;ml;;$ 2.301,23;$ 2.784,49;$ 3.772,51
385;ALC-TOR-BLA-1LXX;Vino Toro Blanco 1 L;Toro;Blanco;1 L Tetra (mesa);Alcohol;Vinos;1;L;;$ 1.955,30;$ 2.365,91;$ 4.339,82
386;ALC-TOR-BLA-355MLX;Vino Toro Blanco 355 ml;Toro;Blanco;355 ml Lata (listo para beber);Alcohol;Vinos;355;ml;;$ 2.199,75;$ 2.661,70;$ 4.009,98
387;ALC-TOR-BLA-355MLX-P4;Vino Toro Blanco 355ml Pack x4;Toro;Blanco;Pack x4 (355 ml Lata);Alcohol;Vinos;355;ml;;$ 3.244,61;$ 3.925,98;$ 6.608,53
388;ALC-TOR-BLA-355MLX-P6;Vino Toro Blanco 355ml Pack x6;Toro;Blanco;Pack x6 (355 ml Lata);Alcohol;Vinos;355;ml;;$ 1.289,02;$ 1.559,71;$ 2.672,98
389;ALC-TER-TIN-750MLX;Vino Termidor Tinto 750 ml;Termidor;Tinto;750 ml Botella (mesa);Alcohol;Vinos;750;ml;;$ 2.650,98;$ 3.207,69;$ 5.143,80
390;ALC-TER-TIN-1LXX;Vino Termidor Tinto 1 L;Termidor;Tinto;1 L Tetra (mesa);Alcohol;Vinos;1;L;;$ 3.409,31;$ 4.125,27;$ 6.127,12
391;ALC-TER-TIN-355MLX;Vino Termidor Tinto 355 ml;Termidor;Tinto;355 ml Lata (listo para beber);Alcohol;Vinos;355;ml;;$ 913,97;$ 1.105,90;$ 2.042,58
392;ALC-TER-TIN-355MLX-P4;Vino Termidor Tinto 355ml Pack x4;Termidor;Tinto;Pack x4 (355 ml Lata);Alcohol;Vinos;355;ml;;$ 2.255,59;$ 2.729,26;$ 4.553,85
393;ALC-TER-TIN-355MLX-P6;Vino Termidor Tinto 355ml Pack x6;Termidor;Tinto;Pack x6 (355 ml Lata);Alcohol;Vinos;355;ml;;$ 2.313,32;$ 2.799,12;$ 5.106,32
394;ALC-NOR-MAL-750MLX;Vino Norton Malbec 750 ml;Norton;Malbec;750 ml Botella (mesa);Alcohol;Vinos;750;ml;;$ 1.429,17;$ 1.729,30;$ 2.365,46
395;ALC-NOR-MAL-1LXX;Vino Norton Malbec 1 L;Norton;Malbec;1 L Tetra (mesa);Alcohol;Vinos;1;L;;$ 1.462,19;$ 1.769,25;$ 2.420,93
396;ALC-NOR-MAL-355MLX;Vino Norton Malbec 355 ml;Norton;Malbec;355 ml Lata (listo para beber);Alcohol;Vinos;355;ml;;$ 1.480,08;$ 1.790,90;$ 3.212,51
397;ALC-NOR-MAL-355MLX-P4;Vino Norton Malbec 355ml Pack x4;Norton;Malbec;Pack x4 (355 ml Lata);Alcohol;Vinos;355;ml;;$ 3.481,79;$ 4.212,97;$ 6.970,59
398;ALC-NOR-MAL-355MLX-P6;Vino Norton Malbec 355ml Pack x6;Norton;Malbec;Pack x6 (355 ml Lata);Alcohol;Vinos;355;ml;;$ 1.868,35;$ 2.260,70;$ 3.645,18
399;ALC-NOR-CHA-750MLX;Vino Norton Chardonnay 750 ml;Norton;Chardonnay;750 ml Botella (mesa);Alcohol;Vinos;750;ml;;$ 2.150,29;$ 2.601,85;$ 3.745,26
400;ALC-NOR-CHA-1LXX;Vino Norton Chardonnay 1 L;Norton;Chardonnay;1 L Tetra (mesa);Alcohol;Vinos;1;L;;$ 3.479,81;$ 4.210,57;$ 7.070,16
401;ALC-NOR-CHA-355MLX;Vino Norton Chardonnay 355 ml;Norton;Chardonnay;355 ml Lata (listo para beber);Alcohol;Vinos;355;ml;;$ 2.795,88;$ 3.383,01;$ 5.636,59
402;ALC-NOR-CHA-355MLX-P4;Vino Norton Chardonnay 355ml Pack x4;Norton;Chardonnay;Pack x4 (355 ml Lata);Alcohol;Vinos;355;ml;;$ 1.293,47;$ 1.565,10;$ 2.385,98
403;ALC-NOR-CHA-355MLX-P6;Vino Norton Chardonnay 355ml Pack x6;Norton;Chardonnay;Pack x6 (355 ml Lata);Alcohol;Vinos;355;ml;;$ 2.273,26;$ 2.750,64;$ 4.060,38
404;ALC-SAN-MAL-750MLX;Vino Santa Julia Malbec 750 ml;Santa Julia;Malbec;750 ml Botella (mesa);Alcohol;Vinos;750;ml;;$ 2.161,46;$ 2.615,37;$ 4.592,56
405;ALC-SAN-MAL-1LXX;Vino Santa Julia Malbec 1 L;Santa Julia;Malbec;1 L Tetra (mesa);Alcohol;Vinos;1;L;;$ 1.209,66;$ 1.463,69;$ 2.753,59
406;ALC-SAN-MAL-355MLX;Vino Santa Julia Malbec 355 ml;Santa Julia;Malbec;355 ml Lata (listo para beber);Alcohol;Vinos;355;ml;;$ 2.152,91;$ 2.605,02;$ 3.836,70
407;ALC-SAN-MAL-355MLX-P4;Vino Santa Julia Malbec 355ml Pack x4;Santa Julia;Malbec;Pack x4 (355 ml Lata);Alcohol;Vinos;355;ml;;$ 2.224,95;$ 2.692,19;$ 4.789,52
408;ALC-SAN-MAL-355MLX-P6;Vino Santa Julia Malbec 355ml Pack x6;Santa Julia;Malbec;Pack x6 (355 ml Lata);Alcohol;Vinos;355;ml;;$ 3.370,86;$ 4.078,74;$ 7.149,27
409;ALC-TRU-MAL-750MLX;Vino Trumpeter Malbec 750 ml;Trumpeter;Malbec;750 ml Botella (mesa);Alcohol;Vinos;750;ml;;$ 692,00;$ 837,32;$ 1.491,04
410;ALC-TRU-MAL-1LXX;Vino Trumpeter Malbec 1 L;Trumpeter;Malbec;1 L Tetra (mesa);Alcohol;Vinos;1;L;;$ 1.960,49;$ 2.372,19;$ 4.384,08
411;ALC-TRU-MAL-355MLX;Vino Trumpeter Malbec 355 ml;Trumpeter;Malbec;355 ml Lata (listo para beber);Alcohol;Vinos;355;ml;;$ 1.907,19;$ 2.307,70;$ 3.798,27
412;ALC-TRU-MAL-355MLX-P4;Vino Trumpeter Malbec 355ml Pack x4;Trumpeter;Malbec;Pack x4 (355 ml Lata);Alcohol;Vinos;355;ml;;$ 1.956,31;$ 2.367,14;$ 3.984,22
413;ALC-TRU-MAL-355MLX-P6;Vino Trumpeter Malbec 355ml Pack x6;Trumpeter;Malbec;Pack x6 (355 ml Lata);Alcohol;Vinos;355;ml;;$ 1.247,85;$ 1.509,90;$ 2.683,46
414;ALC-FER-CLÁ-450MLX;Fernet Branca Clásico 450 ml;Fernet Branca;Clásico;450 ml Botella (hogar);Alcohol;Aperitivos y Destilados;450;ml;;$ 2.797,16;$ 3.384,56;$ 4.913,06
415;ALC-FER-CLÁ-750MLX;Fernet Branca Clásico 750 ml;Fernet Branca;Clásico;750 ml Botella (hogar);Alcohol;Aperitivos y Destilados;750;ml;;$ 3.269,11;$ 3.955,62;$ 5.448,48
416;ALC-FER-CLÁ-1LXX;Fernet Branca Clásico 1 L;Fernet Branca;Clásico;1 L Botella (hogar);Alcohol;Aperitivos y Destilados;1;L;;$ 2.968,28;$ 3.591,62;$ 6.067,20
417;ALC-GAN-AME-450MLX;Gancia Americano 450 ml;Gancia;Americano;450 ml Botella (hogar);Alcohol;Aperitivos y Destilados;450;ml;;$ 3.060,94;$ 3.703,74;$ 5.576,08
418;ALC-GAN-AME-950MLX;Gancia Americano 950 ml;Gancia;Americano;950 ml Botella (hogar);Alcohol;Aperitivos y Destilados;950;ml;;$ 1.816,21;$ 2.197,61;$ 4.015,50
419;ALC-CIN-VER-950MLX;Cinzano Vermouth Rosso 950 ml;Cinzano;Vermouth Rosso;950 ml Botella (hogar);Alcohol;Aperitivos y Destilados;950;ml;;$ 947,97;$ 1.147,04;$ 1.999,94
420;ALC-CIN-VER-1LXX;Cinzano Vermouth Rosso 1 L;Cinzano;Vermouth Rosso;1 L Botella (hogar);Alcohol;Aperitivos y Destilados;1;L;;$ 1.205,21;$ 1.458,30;$ 2.088,05
421;ALC-SMI-VOD-750MLX;Smirnoff Vodka 750 ml;Smirnoff;Vodka;750 ml Botella (hogar);Alcohol;Aperitivos y Destilados;750;ml;;$ 2.135,93;$ 2.584,48;$ 3.690,16
422;ALC-SMI-VOD-1LXX;Smirnoff Vodka 1 L;Smirnoff;Vodka;1 L Botella (hogar);Alcohol;Aperitivos y Destilados;1;L;;$ 2.102,42;$ 2.543,93;$ 4.474,06
423;ALC-FER-LAT-473MLX;Fernet con Coca 473 ml;Fernet con Coca;Lata;473 ml Lata (listo para beber);Alcohol;RTD (Listos);473;ml;;$ 2.061,69;$ 2.494,64;$ 4.066,77
424;ALC-FER-LAT-473MLX-P6;Fernet con Coca 473ml Pack x6;Fernet con Coca;Lata;Pack x6 (473 ml Lata);Alcohol;RTD (Listos);473;ml;;$ 1.863,69;$ 2.255,06;$ 3.408,48
425;ALC-FER-LAT-473MLX-P12;Fernet con Coca 473ml Pack x12;Fernet con Coca;Lata;Pack x12 (473 ml Lata);Alcohol;RTD (Listos);473;ml;;$ 1.282,79;$ 1.552,18;$ 2.175,18
426;ALC-FER-LAT-310MLX;Fernet con Coca 310 ml;Fernet con Coca;Lata;310 ml Lata (listo para beber);Alcohol;RTD (Listos);310;ml;;$ 718,40;$ 869,26;$ 1.556,49
427;ALC-FER-LAT-310MLX-P6;Fernet con Coca 310ml Pack x6;Fernet con Coca;Lata;Pack x6 (310 ml Lata);Alcohol;RTD (Listos);310;ml;;$ 2.462,04;$ 2.979,07;$ 4.443,24
428;ALC-FER-LAT-310MLX-P12;Fernet con Coca 310ml Pack x12;Fernet con Coca;Lata;Pack x12 (310 ml Lata);Alcohol;RTD (Listos);310;ml;;$ 1.252,58;$ 1.515,62;$ 2.800,01
429;ALC-GIN-LAT-473MLX;Gin Tonic 473 ml;Gin Tonic;Lata;473 ml Lata (listo para beber);Alcohol;RTD (Listos);473;ml;;$ 2.309,52;$ 2.794,52;$ 4.593,07
430;ALC-GIN-LAT-473MLX-P6;Gin Tonic 473ml Pack x6;Gin Tonic;Lata;Pack x6 (473 ml Lata);Alcohol;RTD (Listos);473;ml;;$ 1.807,17;$ 2.186,68;$ 3.581,36
431;ALC-GIN-LAT-473MLX-P12;Gin Tonic 473ml Pack x12;Gin Tonic;Lata;Pack x12 (473 ml Lata);Alcohol;RTD (Listos);473;ml;;$ 3.412,89;$ 4.129,60;$ 7.235,92
432;GOL-JOR-CHO-40GXX;Alfajor Jorgito Chocolate 40 g;Jorgito;Chocolate;40 g Unidad (unidad);Golosinas;Alfajores;40;g;;$ 217,98;$ 263,76;$ 469,37
433;GOL-JOR-CHO-55GXX;Alfajor Jorgito Chocolate 55 g;Jorgito;Chocolate;55 g Unidad (unidad);Golosinas;Alfajores;55;g;;$ 819,56;$ 991,67;$ 1.339,99
434;GOL-JOR-CHO-70GXX;Alfajor Jorgito Chocolate 70 g;Jorgito;Chocolate;70 g Unidad (triple);Golosinas;Alfajores;70;g;;$ 199,76;$ 241,71;$ 345,46
435;GOL-JOR-CHO-40GXX-P6;Alfajor Jorgito Chocolate Pack x6;Jorgito;Chocolate;Pack x6 (40 g Unidad);Golosinas;Alfajores;40;g;;$ 362,85;$ 439,05;$ 619,07
436;GOL-JOR-CHO-40GXX-P12;Alfajor Jorgito Chocolate Pack x12;Jorgito;Chocolate;Pack x12 (40 g Unidad);Golosinas;Alfajores;40;g;;$ 752,78;$ 910,86;$ 1.583,21
437;GOL-JOR-BLA-40GXX;Alfajor Jorgito Blanco 40 g;Jorgito;Blanco;40 g Unidad (unidad);Golosinas;Alfajores;40;g;;$ 706,29;$ 854,61;$ 1.227,22
438;GOL-JOR-BLA-55GXX;Alfajor Jorgito Blanco 55 g;Jorgito;Blanco;55 g Unidad (unidad);Golosinas;Alfajores;55;g;;$ 649,58;$ 785,99;$ 1.348,48
439;GOL-JOR-BLA-70GXX;Alfajor Jorgito Blanco 70 g;Jorgito;Blanco;70 g Unidad (triple);Golosinas;Alfajores;70;g;;$ 672,15;$ 813,30;$ 1.103,30
440;GOL-JOR-BLA-40GXX-P6;Alfajor Jorgito Blanco Pack x6;Jorgito;Blanco;Pack x6 (40 g Unidad);Golosinas;Alfajores;40;g;;$ 537,27;$ 650,10;$ 972,16
441;GOL-JOR-BLA-40GXX-P12;Alfajor Jorgito Blanco Pack x12;Jorgito;Blanco;Pack x12 (40 g Unidad);Golosinas;Alfajores;40;g;;$ 217,55;$ 263,24;$ 403,51
442;GOL-JOR-DUL-40GXX;Alfajor Jorgito Dulce de leche 40 g;Jorgito;Dulce de leche;40 g Unidad (unidad);Golosinas;Alfajores;40;g;;$ 204,78;$ 247,78;$ 359,21
443;GOL-JOR-DUL-55GXX;Alfajor Jorgito Dulce de leche 55 g;Jorgito;Dulce de leche;55 g Unidad (unidad);Golosinas;Alfajores;55;g;;$ 816,37;$ 987,81;$ 1.581,64
444;GOL-JOR-DUL-70GXX;Alfajor Jorgito Dulce de leche 70 g;Jorgito;Dulce de leche;70 g Unidad (triple);Golosinas;Alfajores;70;g;;$ 825,61;$ 998,99;$ 1.651,92
445;GOL-JOR-DUL-40GXX-P6;Alfajor Jorgito Dulce de leche Pack x6;Jorgito;Dulce de leche;Pack x6 (40 g Unidad);Golosinas;Alfajores;40;g;;$ 735,15;$ 889,53;$ 1.322,34
446;GOL-JOR-DUL-40GXX-P12;Alfajor Jorgito Dulce de leche Pack x12;Jorgito;Dulce de leche;Pack x12 (40 g Unidad);Golosinas;Alfajores;40;g;;$ 364,47;$ 441,01;$ 767,45
447;GOL-GUA-CHO-40GXX;Alfajor Guaymallén Chocolate 40 g;Guaymallén;Chocolate;40 g Unidad (unidad);Golosinas;Alfajores;40;g;;$ 843,17;$ 1.020,24;$ 1.928,60
448;GOL-GUA-CHO-55GXX;Alfajor Guaymallén Chocolate 55 g;Guaymallén;Chocolate;55 g Unidad (unidad);Golosinas;Alfajores;55;g;;$ 819,01;$ 991,00;$ 1.376,51
449;GOL-GUA-CHO-70GXX;Alfajor Guaymallén Chocolate 70 g;Guaymallén;Chocolate;70 g Unidad (triple);Golosinas;Alfajores;70;g;;$ 678,10;$ 820,50;$ 1.533,85
450;GOL-GUA-CHO-40GXX-P6;Alfajor Guaymallén Chocolate Pack x6;Guaymallén;Chocolate;Pack x6 (40 g Unidad);Golosinas;Alfajores;40;g;;$ 340,42;$ 411,91;$ 686,22
451;GOL-GUA-CHO-40GXX-P12;Alfajor Guaymallén Chocolate Pack x12;Guaymallén;Chocolate;Pack x12 (40 g Unidad);Golosinas;Alfajores;40;g;;$ 537,33;$ 650,17;$ 966,00
452;GOL-GUA-FRU-40GXX;Alfajor Guaymallén Fruta 40 g;Guaymallén;Fruta;40 g Unidad (unidad);Golosinas;Alfajores;40;g;;$ 787,95;$ 953,42;$ 1.356,63
453;GOL-GUA-FRU-55GXX;Alfajor Guaymallén Fruta 55 g;Guaymallén;Fruta;55 g Unidad (unidad);Golosinas;Alfajores;55;g;;$ 267,45;$ 323,61;$ 466,59
454;GOL-GUA-FRU-70GXX;Alfajor Guaymallén Fruta 70 g;Guaymallén;Fruta;70 g Unidad (triple);Golosinas;Alfajores;70;g;;$ 410,08;$ 496,20;$ 871,57
455;GOL-GUA-FRU-40GXX-P6;Alfajor Guaymallén Fruta Pack x6;Guaymallén;Fruta;Pack x6 (40 g Unidad);Golosinas;Alfajores;40;g;;$ 385,92;$ 466,96;$ 703,75
456;GOL-GUA-FRU-40GXX-P12;Alfajor Guaymallén Fruta Pack x12;Guaymallén;Fruta;Pack x12 (40 g Unidad);Golosinas;Alfajores;40;g;;$ 863,77;$ 1.045,16;$ 1.775,07
457;GOL-GUA-BLA-40GXX;Alfajor Guaymallén Blanco 40 g;Guaymallén;Blanco;40 g Unidad (unidad);Golosinas;Alfajores;40;g;;$ 844,68;$ 1.022,06;$ 1.477,94
458;GOL-GUA-BLA-55GXX;Alfajor Guaymallén Blanco 55 g;Guaymallén;Blanco;55 g Unidad (unidad);Golosinas;Alfajores;55;g;;$ 802,56;$ 971,10;$ 1.434,62
459;GOL-GUA-BLA-70GXX;Alfajor Guaymallén Blanco 70 g;Guaymallén;Blanco;70 g Unidad (triple);Golosinas;Alfajores;70;g;;$ 682,48;$ 825,80;$ 1.394,63
460;GOL-GUA-BLA-40GXX-P6;Alfajor Guaymallén Blanco Pack x6;Guaymallén;Blanco;Pack x6 (40 g Unidad);Golosinas;Alfajores;40;g;;$ 679,94;$ 822,73;$ 1.539,49
461;GOL-GUA-BLA-40GXX-P12;Alfajor Guaymallén Blanco Pack x12;Guaymallén;Blanco;Pack x12 (40 g Unidad);Golosinas;Alfajores;40;g;;$ 129,99;$ 157,29;$ 261,32
462;GOL-FAN-TRI-40GXX;Alfajor Fantoche Triple Chocolate 40 g;Fantoche;Triple Chocolate;40 g Unidad (unidad);Golosinas;Alfajores;40;g;;$ 142,10;$ 171,94;$ 271,02
463;GOL-FAN-TRI-55GXX;Alfajor Fantoche Triple Chocolate 55 g;Fantoche;Triple Chocolate;55 g Unidad (unidad);Golosinas;Alfajores;55;g;;$ 639,59;$ 773,90;$ 1.363,43
464;GOL-FAN-TRI-70GXX;Alfajor Fantoche Triple Chocolate 70 g;Fantoche;Triple Chocolate;70 g Unidad (triple);Golosinas;Alfajores;70;g;;$ 842,61;$ 1.019,56;$ 1.683,59
465;GOL-FAN-TRI-40GXX-P6;Alfajor Fantoche Triple Chocolate Pack x6;Fantoche;Triple Chocolate;Pack x6 (40 g Unidad);Golosinas;Alfajores;40;g;;$ 364,05;$ 440,50;$ 763,03
466;GOL-FAN-TRI-40GXX-P12;Alfajor Fantoche Triple Chocolate Pack x12;Fantoche;Triple Chocolate;Pack x12 (40 g Unidad);Golosinas;Alfajores;40;g;;$ 228,30;$ 276,24;$ 442,78
467;GOL-FAN-TRI-40GXX-2;Alfajor Fantoche Triple Blanco 40 g;Fantoche;Triple Blanco;40 g Unidad (unidad);Golosinas;Alfajores;40;g;;$ 479,54;$ 580,24;$ 888,21
468;GOL-FAN-TRI-55GXX-2;Alfajor Fantoche Triple Blanco 55 g;Fantoche;Triple Blanco;55 g Unidad (unidad);Golosinas;Alfajores;55;g;;$ 612,31;$ 740,90;$ 1.017,85
469;GOL-FAN-TRI-70GXX-2;Alfajor Fantoche Triple Blanco 70 g;Fantoche;Triple Blanco;70 g Unidad (triple);Golosinas;Alfajores;70;g;;$ 802,42;$ 970,93;$ 1.696,98
470;GOL-FAN-TRI-40GXX-P6-2;Alfajor Fantoche Triple Blanco Pack x6;Fantoche;Triple Blanco;Pack x6 (40 g Unidad);Golosinas;Alfajores;40;g;;$ 156,00;$ 188,76;$ 356,97
471;GOL-FAN-TRI-40GXX-P12-2;Alfajor Fantoche Triple Blanco Pack x12;Fantoche;Triple Blanco;Pack x12 (40 g Unidad);Golosinas;Alfajores;40;g;;$ 319,60;$ 386,72;$ 718,95
472;GOL-TER-CLÁ-40GXX;Alfajor Terrabusi Clásico 40 g;Terrabusi;Clásico;40 g Unidad (unidad);Golosinas;Alfajores;40;g;;$ 423,85;$ 512,86;$ 799,80
473;GOL-TER-CLÁ-55GXX;Alfajor Terrabusi Clásico 55 g;Terrabusi;Clásico;55 g Unidad (unidad);Golosinas;Alfajores;55;g;;$ 860,20;$ 1.040,84;$ 1.805,98
474;GOL-TER-CLÁ-70GXX;Alfajor Terrabusi Clásico 70 g;Terrabusi;Clásico;70 g Unidad (triple);Golosinas;Alfajores;70;g;;$ 473,90;$ 573,42;$ 850,08
475;GOL-TER-CLÁ-40GXX-P6;Alfajor Terrabusi Clásico Pack x6;Terrabusi;Clásico;Pack x6 (40 g Unidad);Golosinas;Alfajores;40;g;;$ 870,55;$ 1.053,37;$ 1.977,93
476;GOL-TER-CLÁ-40GXX-P12;Alfajor Terrabusi Clásico Pack x12;Terrabusi;Clásico;Pack x12 (40 g Unidad);Golosinas;Alfajores;40;g;;$ 203,23;$ 245,91;$ 404,85
477;GOL-TER-TRI-40GXX;Alfajor Terrabusi Triple 40 g;Terrabusi;Triple;40 g Unidad (unidad);Golosinas;Alfajores;40;g;;$ 784,82;$ 949,63;$ 1.542,20
478;GOL-TER-TRI-55GXX;Alfajor Terrabusi Triple 55 g;Terrabusi;Triple;55 g Unidad (unidad);Golosinas;Alfajores;55;g;;$ 542,82;$ 656,81;$ 1.038,88
479;GOL-TER-TRI-70GXX;Alfajor Terrabusi Triple 70 g;Terrabusi;Triple;70 g Unidad (triple);Golosinas;Alfajores;70;g;;$ 433,96;$ 525,09;$ 710,53
480;GOL-TER-TRI-40GXX-P6;Alfajor Terrabusi Triple Pack x6;Terrabusi;Triple;Pack x6 (40 g Unidad);Golosinas;Alfajores;40;g;;$ 812,79;$ 983,48;$ 1.561,78
481;GOL-TER-TRI-40GXX-P12;Alfajor Terrabusi Triple Pack x12;Terrabusi;Triple;Pack x12 (40 g Unidad);Golosinas;Alfajores;40;g;;$ 889,05;$ 1.075,75;$ 1.462,49
482;GOL-HAV-CLÁ-40GXX;Alfajor Havanna Clásico 40 g;Havanna;Clásico;40 g Unidad (unidad);Golosinas;Alfajores;40;g;;$ 614,37;$ 743,39;$ 1.151,44
483;GOL-HAV-CLÁ-55GXX;Alfajor Havanna Clásico 55 g;Havanna;Clásico;55 g Unidad (unidad);Golosinas;Alfajores;55;g;;$ 623,60;$ 754,56;$ 1.078,05
484;GOL-HAV-CLÁ-70GXX;Alfajor Havanna Clásico 70 g;Havanna;Clásico;70 g Unidad (triple);Golosinas;Alfajores;70;g;;$ 710,49;$ 859,69;$ 1.227,39
485;GOL-HAV-CLÁ-40GXX-P6;Alfajor Havanna Clásico Pack x6;Havanna;Clásico;Pack x6 (40 g Unidad);Golosinas;Alfajores;40;g;;$ 424,20;$ 513,28;$ 834,08
486;GOL-HAV-CLÁ-40GXX-P12;Alfajor Havanna Clásico Pack x12;Havanna;Clásico;Pack x12 (40 g Unidad);Golosinas;Alfajores;40;g;;$ 571,26;$ 691,22;$ 1.250,59
487;GOL-HAV-70C-40GXX;Alfajor Havanna 70% Cacao 40 g;Havanna;70% Cacao;40 g Unidad (unidad);Golosinas;Alfajores;40;g;;$ 411,30;$ 497,67;$ 900,16
488;GOL-HAV-70C-55GXX;Alfajor Havanna 70% Cacao 55 g;Havanna;70% Cacao;55 g Unidad (unidad);Golosinas;Alfajores;55;g;;$ 606,31;$ 733,64;$ 1.259,80
489;GOL-HAV-70C-70GXX;Alfajor Havanna 70% Cacao 70 g;Havanna;70% Cacao;70 g Unidad (triple);Golosinas;Alfajores;70;g;;$ 178,13;$ 215,54;$ 327,11
490;GOL-HAV-70C-40GXX-P6;Alfajor Havanna 70% Cacao Pack x6;Havanna;70% Cacao;Pack x6 (40 g Unidad);Golosinas;Alfajores;40;g;;$ 153,59;$ 185,84;$ 267,82
491;GOL-HAV-70C-40GXX-P12;Alfajor Havanna 70% Cacao Pack x12;Havanna;70% Cacao;Pack x12 (40 g Unidad);Golosinas;Alfajores;40;g;;$ 219,82;$ 265,98;$ 496,71
492;GOL-CAC-CLÁ-40GXX;Alfajor Cachafaz Clásico 40 g;Cachafaz;Clásico;40 g Unidad (unidad);Golosinas;Alfajores;40;g;;$ 680,24;$ 823,09;$ 1.356,95
493;GOL-CAC-CLÁ-55GXX;Alfajor Cachafaz Clásico 55 g;Cachafaz;Clásico;55 g Unidad (unidad);Golosinas;Alfajores;55;g;;$ 175,42;$ 212,26;$ 384,67
494;GOL-CAC-CLÁ-70GXX;Alfajor Cachafaz Clásico 70 g;Cachafaz;Clásico;70 g Unidad (triple);Golosinas;Alfajores;70;g;;$ 253,12;$ 306,28;$ 567,03
495;GOL-CAC-CLÁ-40GXX-P6;Alfajor Cachafaz Clásico Pack x6;Cachafaz;Clásico;Pack x6 (40 g Unidad);Golosinas;Alfajores;40;g;;$ 832,39;$ 1.007,19;$ 1.427,52
496;GOL-CAC-CLÁ-40GXX-P12;Alfajor Cachafaz Clásico Pack x12;Cachafaz;Clásico;Pack x12 (40 g Unidad);Golosinas;Alfajores;40;g;;$ 509,48;$ 616,47;$ 885,22
497;GOL-CAC-MOU-40GXX;Alfajor Cachafaz Mousse 40 g;Cachafaz;Mousse;40 g Unidad (unidad);Golosinas;Alfajores;40;g;;$ 222,41;$ 269,12;$ 508,09
498;GOL-CAC-MOU-55GXX;Alfajor Cachafaz Mousse 55 g;Cachafaz;Mousse;55 g Unidad (unidad);Golosinas;Alfajores;55;g;;$ 653,98;$ 791,32;$ 1.405,19
499;GOL-CAC-MOU-70GXX;Alfajor Cachafaz Mousse 70 g;Cachafaz;Mousse;70 g Unidad (triple);Golosinas;Alfajores;70;g;;$ 481,90;$ 583,10;$ 813,09
500;GOL-CAC-MOU-40GXX-P6;Alfajor Cachafaz Mousse Pack x6;Cachafaz;Mousse;Pack x6 (40 g Unidad);Golosinas;Alfajores;40;g;;$ 605,82;$ 733,04;$ 1.356,25
501;GOL-CAC-MOU-40GXX-P12;Alfajor Cachafaz Mousse Pack x12;Cachafaz;Mousse;Pack x12 (40 g Unidad);Golosinas;Alfajores;40;g;;$ 596,06;$ 721,23;$ 1.140,29
502;GOL-CAP-CHO-40GXX;Alfajor Capitán del Espacio Chocolate 40 g;Capitán del Espacio;Chocolate;40 g Unidad (unidad);Golosinas;Alfajores;40;g;;$ 604,88;$ 731,90;$ 1.239,72
503;GOL-CAP-CHO-55GXX;Alfajor Capitán del Espacio Chocolate 55 g;Capitán del Espacio;Chocolate;55 g Unidad (unidad);Golosinas;Alfajores;55;g;;$ 244,79;$ 296,20;$ 433,63
504;GOL-CAP-CHO-70GXX;Alfajor Capitán del Espacio Chocolate 70 g;Capitán del Espacio;Chocolate;70 g Unidad (triple);Golosinas;Alfajores;70;g;;$ 663,76;$ 803,15;$ 1.477,17
505;GOL-CAP-CHO-40GXX-P6;Alfajor Capitán del Espacio Chocolate Pack x6;Capitán del Espacio;Chocolate;Pack x6 (40 g Unidad);Golosinas;Alfajores;40;g;;$ 304,30;$ 368,20;$ 535,62
506;GOL-CAP-CHO-40GXX-P12;Alfajor Capitán del Espacio Chocolate Pack x12;Capitán del Espacio;Chocolate;Pack x12 (40 g Unidad);Golosinas;Alfajores;40;g;;$ 520,77;$ 630,13;$ 1.168,75
507;GOL-CAP-BLA-40GXX;Alfajor Capitán del Espacio Blanco 40 g;Capitán del Espacio;Blanco;40 g Unidad (unidad);Golosinas;Alfajores;40;g;;$ 829,79;$ 1.004,05;$ 1.443,00
508;GOL-CAP-BLA-55GXX;Alfajor Capitán del Espacio Blanco 55 g;Capitán del Espacio;Blanco;55 g Unidad (unidad);Golosinas;Alfajores;55;g;;$ 796,14;$ 963,33;$ 1.331,57
509;GOL-CAP-BLA-70GXX;Alfajor Capitán del Espacio Blanco 70 g;Capitán del Espacio;Blanco;70 g Unidad (triple);Golosinas;Alfajores;70;g;;$ 460,09;$ 556,71;$ 905,92
510;GOL-CAP-BLA-40GXX-P6;Alfajor Capitán del Espacio Blanco Pack x6;Capitán del Espacio;Blanco;Pack x6 (40 g Unidad);Golosinas;Alfajores;40;g;;$ 460,68;$ 557,42;$ 1.013,10
511;GOL-CAP-BLA-40GXX-P12;Alfajor Capitán del Espacio Blanco Pack x12;Capitán del Espacio;Blanco;Pack x12 (40 g Unidad);Golosinas;Alfajores;40;g;;$ 618,71;$ 748,64;$ 1.020,04
512;GOL-MIL-MOU-40GXX;Alfajor Milka Mousse 40 g;Milka;Mousse;40 g Unidad (unidad);Golosinas;Alfajores;40;g;;$ 802,75;$ 971,33;$ 1.640,10
513;GOL-MIL-MOU-55GXX;Alfajor Milka Mousse 55 g;Milka;Mousse;55 g Unidad (unidad);Golosinas;Alfajores;55;g;;$ 142,65;$ 172,61;$ 247,28
514;GOL-MIL-MOU-70GXX;Alfajor Milka Mousse 70 g;Milka;Mousse;70 g Unidad (triple);Golosinas;Alfajores;70;g;;$ 308,67;$ 373,49;$ 622,85
515;GOL-MIL-MOU-40GXX-P6;Alfajor Milka Mousse Pack x6;Milka;Mousse;Pack x6 (40 g Unidad);Golosinas;Alfajores;40;g;;$ 187,93;$ 227,40;$ 419,06
516;GOL-MIL-MOU-40GXX-P12;Alfajor Milka Mousse Pack x12;Milka;Mousse;Pack x12 (40 g Unidad);Golosinas;Alfajores;40;g;;$ 831,55;$ 1.006,18;$ 1.776,21
517;GOL-MIL-ORE-40GXX;Alfajor Milka Oreo 40 g;Milka;Oreo;40 g Unidad (unidad);Golosinas;Alfajores;40;g;;$ 364,03;$ 440,48;$ 781,24
518;GOL-MIL-ORE-55GXX;Alfajor Milka Oreo 55 g;Milka;Oreo;55 g Unidad (unidad);Golosinas;Alfajores;55;g;;$ 766,84;$ 927,88;$ 1.604,67
519;GOL-MIL-ORE-70GXX;Alfajor Milka Oreo 70 g;Milka;Oreo;70 g Unidad (triple);Golosinas;Alfajores;70;g;;$ 840,75;$ 1.017,31;$ 1.652,12
520;GOL-MIL-ORE-40GXX-P6;Alfajor Milka Oreo Pack x6;Milka;Oreo;Pack x6 (40 g Unidad);Golosinas;Alfajores;40;g;;$ 781,87;$ 946,06;$ 1.325,71
521;GOL-MIL-ORE-40GXX-P12;Alfajor Milka Oreo Pack x12;Milka;Oreo;Pack x12 (40 g Unidad);Golosinas;Alfajores;40;g;;$ 697,90;$ 844,46;$ 1.476,48
522;GOL-MIL-LEC-25GXX;Milka Leche 25 g;Milka;Leche;25 g Tableta (barra chica);Golosinas;Chocolates;25;g;;$ 176,80;$ 213,93;$ 405,05
523;GOL-MIL-LEC-55GXX;Milka Leche 55 g;Milka;Leche;55 g Tableta (tableta);Golosinas;Chocolates;55;g;;$ 579,55;$ 701,26;$ 1.202,95
524;GOL-MIL-LEC-100GXX;Milka Leche 100 g;Milka;Leche;100 g Tableta (tableta grande);Golosinas;Chocolates;100;g;;$ 503,14;$ 608,80;$ 946,96
525;GOL-MIL-ORE-25GXX;Milka Oreo 25 g;Milka;Oreo;25 g Tableta (barra chica);Golosinas;Chocolates;25;g;;$ 847,04;$ 1.024,92;$ 1.405,72
526;GOL-MIL-ORE-55GXX-2;Milka Oreo 55 g;Milka;Oreo;55 g Tableta (tableta);Golosinas;Chocolates;55;g;;$ 204,87;$ 247,89;$ 427,18
527;GOL-MIL-ORE-100GXX;Milka Oreo 100 g;Milka;Oreo;100 g Tableta (tableta grande);Golosinas;Chocolates;100;g;;$ 764,88;$ 925,50;$ 1.276,77
528;GOL-MIL-ALM-25GXX;Milka Almendras 25 g;Milka;Almendras;25 g Tableta (barra chica);Golosinas;Chocolates;25;g;;$ 659,49;$ 797,98;$ 1.359,96
529;GOL-MIL-ALM-55GXX;Milka Almendras 55 g;Milka;Almendras;55 g Tableta (tableta);Golosinas;Chocolates;55;g;;$ 254,17;$ 307,55;$ 528,83
530;GOL-MIL-ALM-100GXX;Milka Almendras 100 g;Milka;Almendras;100 g Tableta (tableta grande);Golosinas;Chocolates;100;g;;$ 773,36;$ 935,77;$ 1.423,80
531;GOL-MIL-DUL-25GXX;Milka Dulce de Leche 25 g;Milka;Dulce de Leche;25 g Tableta (barra chica);Golosinas;Chocolates;25;g;;$ 301,91;$ 365,31;$ 526,05
532;GOL-MIL-DUL-55GXX;Milka Dulce de Leche 55 g;Milka;Dulce de Leche;55 g Tableta (tableta);Golosinas;Chocolates;55;g;;$ 608,26;$ 735,99;$ 1.292,42
533;GOL-MIL-DUL-100GXX;Milka Dulce de Leche 100 g;Milka;Dulce de Leche;100 g Tableta (tableta grande);Golosinas;Chocolates;100;g;;$ 391,27;$ 473,44;$ 750,31
534;GOL-ARC-CHO-25GXX;Arcor Chocolate con leche 25 g;Arcor;Chocolate con leche;25 g Tableta (barra chica);Golosinas;Chocolates;25;g;;$ 863,47;$ 1.044,80;$ 1.543,28
535;GOL-ARC-CHO-55GXX;Arcor Chocolate con leche 55 g;Arcor;Chocolate con leche;55 g Tableta (tableta);Golosinas;Chocolates;55;g;;$ 397,68;$ 481,19;$ 754,66
536;GOL-ARC-CHO-100GXX;Arcor Chocolate con leche 100 g;Arcor;Chocolate con leche;100 g Tableta (tableta grande);Golosinas;Chocolates;100;g;;$ 749,46;$ 906,85;$ 1.283,40
537;GOL-ARC-SEM-25GXX;Arcor Semi amargo 25 g;Arcor;Semi amargo;25 g Tableta (barra chica);Golosinas;Chocolates;25;g;;$ 211,85;$ 256,34;$ 361,45
538;GOL-ARC-SEM-55GXX;Arcor Semi amargo 55 g;Arcor;Semi amargo;55 g Tableta (tableta);Golosinas;Chocolates;55;g;;$ 241,36;$ 292,05;$ 465,85
539;GOL-ARC-SEM-100GXX;Arcor Semi amargo 100 g;Arcor;Semi amargo;100 g Tableta (tableta grande);Golosinas;Chocolates;100;g;;$ 549,23;$ 664,57;$ 1.191,52
540;GOL-COF-BLO-25GXX;Cofler Block 25 g;Cofler;Block;25 g Tableta (barra chica);Golosinas;Chocolates;25;g;;$ 797,56;$ 965,05;$ 1.482,65
541;GOL-COF-BLO-55GXX;Cofler Block 55 g;Cofler;Block;55 g Tableta (tableta);Golosinas;Chocolates;55;g;;$ 129,41;$ 156,59;$ 276,66
542;GOL-COF-BLO-100GXX;Cofler Block 100 g;Cofler;Block;100 g Tableta (tableta grande);Golosinas;Chocolates;100;g;;$ 704,56;$ 852,52;$ 1.310,97
543;GOL-COF-MOU-25GXX;Cofler Mousse 25 g;Cofler;Mousse;25 g Tableta (barra chica);Golosinas;Chocolates;25;g;;$ 776,09;$ 939,07;$ 1.440,60
544;GOL-COF-MOU-55GXX;Cofler Mousse 55 g;Cofler;Mousse;55 g Tableta (tableta);Golosinas;Chocolates;55;g;;$ 458,06;$ 554,25;$ 967,75
545;GOL-COF-MOU-100GXX;Cofler Mousse 100 g;Cofler;Mousse;100 g Tableta (tableta grande);Golosinas;Chocolates;100;g;;$ 552,21;$ 668,17;$ 1.090,65
546;GOL-SHO-CLÁ-25GXX;Shot Clásico 25 g;Shot;Clásico;25 g Tableta (barra chica);Golosinas;Chocolates;25;g;;$ 474,58;$ 574,24;$ 983,79
547;GOL-SHO-CLÁ-55GXX;Shot Clásico 55 g;Shot;Clásico;55 g Tableta (tableta);Golosinas;Chocolates;55;g;;$ 623,30;$ 754,19;$ 1.149,20
548;GOL-SHO-CLÁ-100GXX;Shot Clásico 100 g;Shot;Clásico;100 g Tableta (tableta grande);Golosinas;Chocolates;100;g;;$ 824,84;$ 998,06;$ 1.765,00
549;GOL-ROC-ORI-25GXX;Rocklets Original 25 g;Rocklets;Original;25 g Tableta (barra chica);Golosinas;Chocolates;25;g;;$ 706,86;$ 855,30;$ 1.439,43
550;GOL-ROC-ORI-55GXX;Rocklets Original 55 g;Rocklets;Original;55 g Tableta (tableta);Golosinas;Chocolates;55;g;;$ 348,20;$ 421,32;$ 684,67
551;GOL-ROC-ORI-100GXX;Rocklets Original 100 g;Rocklets;Original;100 g Tableta (tableta grande);Golosinas;Chocolates;100;g;;$ 541,21;$ 654,86;$ 977,05
552;GOL-KIN-CHO-25GXX;Kinder Chocolate 25 g;Kinder;Chocolate;25 g Tableta (barra chica);Golosinas;Chocolates;25;g;;$ 541,77;$ 655,54;$ 989,89
553;GOL-KIN-CHO-55GXX;Kinder Chocolate 55 g;Kinder;Chocolate;55 g Tableta (tableta);Golosinas;Chocolates;55;g;;$ 656,60;$ 794,49;$ 1.303,86
554;GOL-KIN-CHO-100GXX;Kinder Chocolate 100 g;Kinder;Chocolate;100 g Tableta (tableta grande);Golosinas;Chocolates;100;g;;$ 666,68;$ 806,68;$ 1.495,11
555;GOL-KIN-BUE-25GXX;Kinder Bueno 25 g;Kinder;Bueno;25 g Tableta (barra chica);Golosinas;Chocolates;25;g;;$ 813,64;$ 984,50;$ 1.724,82
556;GOL-KIN-BUE-55GXX;Kinder Bueno 55 g;Kinder;Bueno;55 g Tableta (tableta);Golosinas;Chocolates;55;g;;$ 163,33;$ 197,63;$ 352,17
557;GOL-KIN-BUE-100GXX;Kinder Bueno 100 g;Kinder;Bueno;100 g Tableta (tableta grande);Golosinas;Chocolates;100;g;;$ 315,24;$ 381,44;$ 592,14
558;GOL-BON-CLÁ-25GXX;Bon o Bon Clásico 25 g;Bon o Bon;Clásico;25 g Tableta (barra chica);Golosinas;Chocolates;25;g;;$ 659,71;$ 798,25;$ 1.344,35
559;GOL-BON-CLÁ-55GXX;Bon o Bon Clásico 55 g;Bon o Bon;Clásico;55 g Tableta (tableta);Golosinas;Chocolates;55;g;;$ 805,59;$ 974,76;$ 1.643,57
560;GOL-BON-CLÁ-100GXX;Bon o Bon Clásico 100 g;Bon o Bon;Clásico;100 g Tableta (tableta grande);Golosinas;Chocolates;100;g;;$ 301,11;$ 364,34;$ 595,06
561;GOL-BON-BLA-25GXX;Bon o Bon Blanco 25 g;Bon o Bon;Blanco;25 g Tableta (barra chica);Golosinas;Chocolates;25;g;;$ 151,28;$ 183,05;$ 260,67
562;GOL-BON-BLA-55GXX;Bon o Bon Blanco 55 g;Bon o Bon;Blanco;55 g Tableta (tableta);Golosinas;Chocolates;55;g;;$ 136,02;$ 164,58;$ 265,22
563;GOL-BON-BLA-100GXX;Bon o Bon Blanco 100 g;Bon o Bon;Blanco;100 g Tableta (tableta grande);Golosinas;Chocolates;100;g;;$ 852,03;$ 1.030,96;$ 1.415,53
564;GOL-SUG-CON-27GXX;Sugus Confites 27 g;Sugus;Confites;27 g Pack (estuche);Golosinas;Caramelos y Pastillas;27;g;;$ 239,67;$ 290,00;$ 460,48
565;GOL-SUG-CON-100GXX;Sugus Confites 100 g;Sugus;Confites;100 g Pack (bolsa);Golosinas;Caramelos y Pastillas;100;g;;$ 240,12;$ 290,55;$ 543,46
566;GOL-SUG-CON-1KGX;Sugus Confites 1 kg;Sugus;Confites;1 kg Pack (bolsa mayorista);Golosinas;Caramelos y Pastillas;1;kg;;$ 674,09;$ 815,65;$ 1.262,08
567;GOL-SUG-MAS-27GXX;Sugus Masticables 27 g;Sugus;Masticables;27 g Pack (estuche);Golosinas;Caramelos y Pastillas;27;g;;$ 191,95;$ 232,26;$ 429,14
568;GOL-SUG-MAS-100GXX;Sugus Masticables 100 g;Sugus;Masticables;100 g Pack (bolsa);Golosinas;Caramelos y Pastillas;100;g;;$ 303,92;$ 367,74;$ 676,43
569;GOL-SUG-MAS-1KGX;Sugus Masticables 1 kg;Sugus;Masticables;1 kg Pack (bolsa mayorista);Golosinas;Caramelos y Pastillas;1;kg;;$ 205,17;$ 248,26;$ 369,99
570;GOL-BIL-FRU-27GXX;Billiken Frutales 27 g;Billiken;Frutales;27 g Pack (estuche);Golosinas;Caramelos y Pastillas;27;g;;$ 539,89;$ 653,27;$ 904,92
571;GOL-BIL-FRU-100GXX;Billiken Frutales 100 g;Billiken;Frutales;100 g Pack (bolsa);Golosinas;Caramelos y Pastillas;100;g;;$ 885,03;$ 1.070,89;$ 1.620,89
572;GOL-BIL-FRU-1KGX;Billiken Frutales 1 kg;Billiken;Frutales;1 kg Pack (bolsa mayorista);Golosinas;Caramelos y Pastillas;1;kg;;$ 522,86;$ 632,66;$ 1.176,22
573;GOL-BUT-CLÁ-27GXX;Butter Toffees Clásico 27 g;Butter Toffees;Clásico;27 g Pack (estuche);Golosinas;Caramelos y Pastillas;27;g;;$ 253,71;$ 306,99;$ 572,53
574;GOL-BUT-CLÁ-100GXX;Butter Toffees Clásico 100 g;Butter Toffees;Clásico;100 g Pack (bolsa);Golosinas;Caramelos y Pastillas;100;g;;$ 288,07;$ 348,56;$ 618,27
575;GOL-BUT-CLÁ-1KGX;Butter Toffees Clásico 1 kg;Butter Toffees;Clásico;1 kg Pack (bolsa mayorista);Golosinas;Caramelos y Pastillas;1;kg;;$ 471,33;$ 570,31;$ 807,29
576;GOL-HAL-MEN-27GXX;Halls Mentol 27 g;Halls;Mentol;27 g Pack (estuche);Golosinas;Caramelos y Pastillas;27;g;;$ 413,66;$ 500,53;$ 757,47
577;GOL-HAL-MEN-100GXX;Halls Mentol 100 g;Halls;Mentol;100 g Pack (bolsa);Golosinas;Caramelos y Pastillas;100;g;;$ 551,89;$ 667,79;$ 1.014,61
578;GOL-HAL-MEN-1KGX;Halls Mentol 1 kg;Halls;Mentol;1 kg Pack (bolsa mayorista);Golosinas;Caramelos y Pastillas;1;kg;;$ 424,32;$ 513,43;$ 762,83
579;GOL-HAL-CER-27GXX;Halls Cereza 27 g;Halls;Cereza;27 g Pack (estuche);Golosinas;Caramelos y Pastillas;27;g;;$ 205,69;$ 248,88;$ 414,95
580;GOL-HAL-CER-100GXX;Halls Cereza 100 g;Halls;Cereza;100 g Pack (bolsa);Golosinas;Caramelos y Pastillas;100;g;;$ 461,64;$ 558,58;$ 803,38
581;GOL-HAL-CER-1KGX;Halls Cereza 1 kg;Halls;Cereza;1 kg Pack (bolsa mayorista);Golosinas;Caramelos y Pastillas;1;kg;;$ 773,53;$ 935,97;$ 1.542,20
582;GOL-HAL-MEN-27GXX-2;Halls Menta 27 g;Halls;Menta;27 g Pack (estuche);Golosinas;Caramelos y Pastillas;27;g;;$ 876,85;$ 1.060,99;$ 1.937,72
583;GOL-HAL-MEN-100GXX-2;Halls Menta 100 g;Halls;Menta;100 g Pack (bolsa);Golosinas;Caramelos y Pastillas;100;g;;$ 794,96;$ 961,90;$ 1.425,08
584;GOL-HAL-MEN-1KGX-2;Halls Menta 1 kg;Halls;Menta;1 kg Pack (bolsa mayorista);Golosinas;Caramelos y Pastillas;1;kg;;$ 308,67;$ 373,49;$ 598,72
585;GOL-MEN-MEN-27GXX;Menthoplus Menta 27 g;Menthoplus;Menta;27 g Pack (estuche);Golosinas;Caramelos y Pastillas;27;g;;$ 289,95;$ 350,84;$ 649,77
586;GOL-MEN-MEN-100GXX;Menthoplus Menta 100 g;Menthoplus;Menta;100 g Pack (bolsa);Golosinas;Caramelos y Pastillas;100;g;;$ 158,87;$ 192,23;$ 305,65
587;GOL-MEN-MEN-1KGX;Menthoplus Menta 1 kg;Menthoplus;Menta;1 kg Pack (bolsa mayorista);Golosinas;Caramelos y Pastillas;1;kg;;$ 544,52;$ 658,87;$ 1.064,77
588;GOL-MEN-EUC-27GXX;Menthoplus Eucalipto 27 g;Menthoplus;Eucalipto;27 g Pack (estuche);Golosinas;Caramelos y Pastillas;27;g;;$ 306,82;$ 371,25;$ 651,18
589;GOL-MEN-EUC-100GXX;Menthoplus Eucalipto 100 g;Menthoplus;Eucalipto;100 g Pack (bolsa);Golosinas;Caramelos y Pastillas;100;g;;$ 424,19;$ 513,27;$ 694,75
590;GOL-MEN-EUC-1KGX;Menthoplus Eucalipto 1 kg;Menthoplus;Eucalipto;1 kg Pack (bolsa mayorista);Golosinas;Caramelos y Pastillas;1;kg;;$ 438,46;$ 530,54;$ 986,20
591;GOL-TIC-MEN-27GXX;Tic Tac Menta 27 g;Tic Tac;Menta;27 g Pack (estuche);Golosinas;Caramelos y Pastillas;27;g;;$ 734,49;$ 888,73;$ 1.593,34
592;GOL-TIC-MEN-100GXX;Tic Tac Menta 100 g;Tic Tac;Menta;100 g Pack (bolsa);Golosinas;Caramelos y Pastillas;100;g;;$ 700,67;$ 847,81;$ 1.146,80
593;GOL-TIC-MEN-1KGX;Tic Tac Menta 1 kg;Tic Tac;Menta;1 kg Pack (bolsa mayorista);Golosinas;Caramelos y Pastillas;1;kg;;$ 681,60;$ 824,74;$ 1.185,18
594;GOL-TIC-NAR-27GXX;Tic Tac Naranja 27 g;Tic Tac;Naranja;27 g Pack (estuche);Golosinas;Caramelos y Pastillas;27;g;;$ 501,18;$ 606,43;$ 1.007,93
595;GOL-TIC-NAR-100GXX;Tic Tac Naranja 100 g;Tic Tac;Naranja;100 g Pack (bolsa);Golosinas;Caramelos y Pastillas;100;g;;$ 155,22;$ 187,82;$ 329,64
596;GOL-TIC-NAR-1KGX;Tic Tac Naranja 1 kg;Tic Tac;Naranja;1 kg Pack (bolsa mayorista);Golosinas;Caramelos y Pastillas;1;kg;;$ 855,86;$ 1.035,59;$ 1.905,92
597;GOL-MOG-OSI-30GXX;Mogul Ositos 30 g;Mogul;Ositos;30 g Bolsa (paquete);Golosinas;Gomitas;30;g;;$ 724,62;$ 876,79;$ 1.650,99
598;GOL-MOG-OSI-50GXX;Mogul Ositos 50 g;Mogul;Ositos;50 g Bolsa (paquete);Golosinas;Gomitas;50;g;;$ 597,31;$ 722,75;$ 1.070,14
599;GOL-MOG-OSI-100GXX;Mogul Ositos 100 g;Mogul;Ositos;100 g Bolsa (bolsa);Golosinas;Gomitas;100;g;;$ 481,55;$ 582,68;$ 901,13
600;GOL-MOG-GUS-30GXX;Mogul Gusanos 30 g;Mogul;Gusanos;30 g Bolsa (paquete);Golosinas;Gomitas;30;g;;$ 307,48;$ 372,05;$ 698,01
601;GOL-MOG-GUS-50GXX;Mogul Gusanos 50 g;Mogul;Gusanos;50 g Bolsa (paquete);Golosinas;Gomitas;50;g;;$ 297,92;$ 360,48;$ 571,28
602;GOL-MOG-GUS-100GXX;Mogul Gusanos 100 g;Mogul;Gusanos;100 g Bolsa (bolsa);Golosinas;Gomitas;100;g;;$ 316,62;$ 383,11;$ 581,22
603;GOL-MOG-ARO-30GXX;Mogul Aros 30 g;Mogul;Aros;30 g Bolsa (paquete);Golosinas;Gomitas;30;g;;$ 162,29;$ 196,37;$ 322,32
604;GOL-MOG-ARO-50GXX;Mogul Aros 50 g;Mogul;Aros;50 g Bolsa (paquete);Golosinas;Gomitas;50;g;;$ 527,06;$ 637,74;$ 992,35
605;GOL-MOG-ARO-100GXX;Mogul Aros 100 g;Mogul;Aros;100 g Bolsa (bolsa);Golosinas;Gomitas;100;g;;$ 445,36;$ 538,89;$ 972,03
606;GOL-BUL-SUR-30GXX;Bulldog Surtidas 30 g;Bulldog;Surtidas;30 g Bolsa (paquete);Golosinas;Gomitas;30;g;;$ 541,77;$ 655,54;$ 1.121,35
607;GOL-BUL-SUR-50GXX;Bulldog Surtidas 50 g;Bulldog;Surtidas;50 g Bolsa (paquete);Golosinas;Gomitas;50;g;;$ 632,42;$ 765,23;$ 1.188,73
608;GOL-BUL-SUR-100GXX;Bulldog Surtidas 100 g;Bulldog;Surtidas;100 g Bolsa (bolsa);Golosinas;Gomitas;100;g;;$ 589,85;$ 713,72;$ 1.292,80
609;GOL-BUL-COL-30GXX;Bulldog Cola 30 g;Bulldog;Cola;30 g Bolsa (paquete);Golosinas;Gomitas;30;g;;$ 250,83;$ 303,50;$ 504,65
610;GOL-BUL-COL-50GXX;Bulldog Cola 50 g;Bulldog;Cola;50 g Bolsa (paquete);Golosinas;Gomitas;50;g;;$ 315,54;$ 381,80;$ 684,60
611;GOL-BUL-COL-100GXX;Bulldog Cola 100 g;Bulldog;Cola;100 g Bolsa (bolsa);Golosinas;Gomitas;100;g;;$ 823,16;$ 996,02;$ 1.746,97
612;GOL-HAR-GOL-30GXX;Haribo Goldbears 30 g;Haribo;Goldbears;30 g Bolsa (paquete);Golosinas;Gomitas;30;g;;$ 424,78;$ 513,98;$ 734,39
613;GOL-HAR-GOL-50GXX;Haribo Goldbears 50 g;Haribo;Goldbears;50 g Bolsa (paquete);Golosinas;Gomitas;50;g;;$ 442,48;$ 535,40;$ 859,63
614;GOL-HAR-GOL-100GXX;Haribo Goldbears 100 g;Haribo;Goldbears;100 g Bolsa (bolsa);Golosinas;Gomitas;100;g;;$ 306,12;$ 370,41;$ 506,78
615;GOL-HAR-COL-30GXX;Haribo Cola 30 g;Haribo;Cola;30 g Bolsa (paquete);Golosinas;Gomitas;30;g;;$ 479,92;$ 580,70;$ 1.075,13
616;GOL-HAR-COL-50GXX;Haribo Cola 50 g;Haribo;Cola;50 g Bolsa (paquete);Golosinas;Gomitas;50;g;;$ 607,75;$ 735,38;$ 1.022,78
617;GOL-HAR-COL-100GXX;Haribo Cola 100 g;Haribo;Cola;100 g Bolsa (bolsa);Golosinas;Gomitas;100;g;;$ 160,06;$ 193,67;$ 351,95
618;GOL-PIC-FRU-12GXX;Chupetín Pico Dulce Frutal 12 g;Pico Dulce;Frutal;12 g Unidad (unidad);Golosinas;Chupetines;12;g;;$ 895,51;$ 1.083,57;$ 2.006,74
619;GOL-PIC-FRU-24UNX;Chupetín Pico Dulce Frutal 24 un;Pico Dulce;Frutal;24 un Unidad (bolsa);Golosinas;Chupetines;24;un;;$ 222,19;$ 268,85;$ 441,58
620;GOL-PIC-CÍT-12GXX;Chupetín Pico Dulce Cítrico 12 g;Pico Dulce;Cítrico;12 g Unidad (unidad);Golosinas;Chupetines;12;g;;$ 839,39;$ 1.015,66;$ 1.499,21
621;GOL-PIC-CÍT-24UNX;Chupetín Pico Dulce Cítrico 24 un;Pico Dulce;Cítrico;24 un Unidad (bolsa);Golosinas;Chupetines;24;un;;$ 506,23;$ 612,54;$ 881,29
622;GOL-LHE-SUR-12GXX;Chupetín Lheritier Surtido 12 g;Lheritier;Surtido;12 g Unidad (unidad);Golosinas;Chupetines;12;g;;$ 169,85;$ 205,52;$ 341,32
623;GOL-LHE-SUR-24UNX;Chupetín Lheritier Surtido 24 un;Lheritier;Surtido;24 un Unidad (bolsa);Golosinas;Chupetines;24;un;;$ 677,13;$ 819,33;$ 1.203,52
624;GOL-ARC-FRU-12GXX;Chupetín Arcor Frutal 12 g;Arcor;Frutal;12 g Unidad (unidad);Golosinas;Chupetines;12;g;;$ 299,18;$ 362,01;$ 635,89
625;GOL-ARC-FRU-24UNX;Chupetín Arcor Frutal 24 un;Arcor;Frutal;24 un Unidad (bolsa);Golosinas;Chupetines;24;un;;$ 582,95;$ 705,37;$ 1.228,16
626;GOL-BEL-MEN-12UNX;Chicle Beldent Menta 12 un;Beldent;Menta;12 un Blister (blister);Golosinas;Chicles;12;un;;$ 460,34;$ 557,01;$ 872,36
627;GOL-BEL-MEN-20UNX;Chicle Beldent Menta 20 un;Beldent;Menta;20 un Blister (pote);Golosinas;Chicles;20;un;;$ 470,01;$ 568,71;$ 1.040,63
628;GOL-BEL-FRU-12UNX;Chicle Beldent Frutilla 12 un;Beldent;Frutilla;12 un Blister (blister);Golosinas;Chicles;12;un;;$ 311,46;$ 376,87;$ 601,93
629;GOL-BEL-FRU-20UNX;Chicle Beldent Frutilla 20 un;Beldent;Frutilla;20 un Blister (pote);Golosinas;Chicles;20;un;;$ 759,77;$ 919,32;$ 1.552,92
630;GOL-BEL-SAN-12UNX;Chicle Beldent Sandía 12 un;Beldent;Sandía;12 un Blister (blister);Golosinas;Chicles;12;un;;$ 305,58;$ 369,75;$ 609,41
631;GOL-BEL-SAN-20UNX;Chicle Beldent Sandía 20 un;Beldent;Sandía;20 un Blister (pote);Golosinas;Chicles;20;un;;$ 658,00;$ 796,18;$ 1.366,81
632;GOL-BEL-COO-12UNX;Chicle Beldent Cool 12 un;Beldent;Cool;12 un Blister (blister);Golosinas;Chicles;12;un;;$ 196,50;$ 237,76;$ 327,35
633;GOL-BEL-COO-20UNX;Chicle Beldent Cool 20 un;Beldent;Cool;20 un Blister (pote);Golosinas;Chicles;20;un;;$ 701,40;$ 848,69;$ 1.521,71
634;GOL-ORB-MEN-12UNX;Chicle Orbit Menta 12 un;Orbit;Menta;12 un Blister (blister);Golosinas;Chicles;12;un;;$ 764,23;$ 924,72;$ 1.704,83
635;GOL-ORB-MEN-20UNX;Chicle Orbit Menta 20 un;Orbit;Menta;20 un Blister (pote);Golosinas;Chicles;20;un;;$ 420,76;$ 509,12;$ 958,77
636;GOL-ORB-BUB-12UNX;Chicle Orbit Bubblemint 12 un;Orbit;Bubblemint;12 un Blister (blister);Golosinas;Chicles;12;un;;$ 612,57;$ 741,21;$ 1.403,02
637;GOL-ORB-BUB-20UNX;Chicle Orbit Bubblemint 20 un;Orbit;Bubblemint;20 un Blister (pote);Golosinas;Chicles;20;un;;$ 894,77;$ 1.082,67;$ 1.995,19
638;GOL-ORB-HIE-12UNX;Chicle Orbit Hierbabuena 12 un;Orbit;Hierbabuena;12 un Blister (blister);Golosinas;Chicles;12;un;;$ 418,52;$ 506,41;$ 844,19
639;GOL-ORB-HIE-20UNX;Chicle Orbit Hierbabuena 20 un;Orbit;Hierbabuena;20 un Blister (pote);Golosinas;Chicles;20;un;;$ 836,82;$ 1.012,55;$ 1.445,77
640;GOL-TOP-MEN-12UNX;Chicle Topline Menta 12 un;Topline;Menta;12 un Blister (blister);Golosinas;Chicles;12;un;;$ 309,66;$ 374,69;$ 649,47
641;GOL-TOP-MEN-20UNX;Chicle Topline Menta 20 un;Topline;Menta;20 un Blister (pote);Golosinas;Chicles;20;un;;$ 737,18;$ 891,99;$ 1.524,99
642;GOL-TOP-SAN-12UNX;Chicle Topline Sandía 12 un;Topline;Sandía;12 un Blister (blister);Golosinas;Chicles;12;un;;$ 217,61;$ 263,31;$ 473,02
643;GOL-TOP-SAN-20UNX;Chicle Topline Sandía 20 un;Topline;Sandía;20 un Blister (pote);Golosinas;Chicles;20;un;;$ 871,65;$ 1.054,70;$ 1.427,62
644;GOL-TOP-TUT-12UNX;Chicle Topline Tutti Frutti 12 un;Topline;Tutti Frutti;12 un Blister (blister);Golosinas;Chicles;12;un;;$ 569,27;$ 688,82;$ 1.039,91
645;GOL-TOP-TUT-20UNX;Chicle Topline Tutti Frutti 20 un;Topline;Tutti Frutti;20 un Blister (pote);Golosinas;Chicles;20;un;;$ 272,41;$ 329,62;$ 500,78
646;GOL-CHI-MEN-12UNX;Chicle Chiclets Menta 12 un;Chiclets;Menta;12 un Blister (blister);Golosinas;Chicles;12;un;;$ 375,36;$ 454,19;$ 710,82
647;GOL-CHI-MEN-20UNX;Chicle Chiclets Menta 20 un;Chiclets;Menta;20 un Blister (pote);Golosinas;Chicles;20;un;;$ 459,00;$ 555,39;$ 833,84
648;GOL-CHI-FRU-12UNX;Chicle Chiclets Frutal 12 un;Chiclets;Frutal;12 un Blister (blister);Golosinas;Chicles;12;un;;$ 552,28;$ 668,26;$ 911,10
649;GOL-CHI-FRU-20UNX;Chicle Chiclets Frutal 20 un;Chiclets;Frutal;20 un Blister (pote);Golosinas;Chicles;20;un;;$ 199,19;$ 241,02;$ 373,22
650;GOL-BUB-FRU-12UNX;Chicle Bubbaloo Frutilla 12 un;Bubbaloo;Frutilla;12 un Blister (blister);Golosinas;Chicles;12;un;;$ 621,33;$ 751,81;$ 1.426,55
651;GOL-BUB-FRU-20UNX;Chicle Bubbaloo Frutilla 20 un;Bubbaloo;Frutilla;20 un Blister (pote);Golosinas;Chicles;20;un;;$ 482,25;$ 583,52;$ 837,00
652;GOL-BUB-UVA-12UNX;Chicle Bubbaloo Uva 12 un;Bubbaloo;Uva;12 un Blister (blister);Golosinas;Chicles;12;un;;$ 635,94;$ 769,49;$ 1.155,01
653;GOL-BUB-UVA-20UNX;Chicle Bubbaloo Uva 20 un;Bubbaloo;Uva;20 un Blister (pote);Golosinas;Chicles;20;un;;$ 215,69;$ 260,98;$ 421,53
654;GOL-BUB-TUT-12UNX;Chicle Bubbaloo Tutti Frutti 12 un;Bubbaloo;Tutti Frutti;12 un Blister (blister);Golosinas;Chicles;12;un;;$ 461,10;$ 557,93;$ 807,86
655;GOL-BUB-TUT-20UNX;Chicle Bubbaloo Tutti Frutti 20 un;Bubbaloo;Tutti Frutti;20 un Blister (pote);Golosinas;Chicles;20;un;;$ 669,66;$ 810,29;$ 1.475,42
656;SNA-DOR-QUE-35GXX;Doritos Queso 35 g;Doritos;Queso;35 g Bolsa (porción individual);Snacks;Snacks Salados;35;g;;$ 941,70;$ 1.139,46;$ 1.960,29
657;SNA-DOR-QUE-45GXX;Doritos Queso 45 g;Doritos;Queso;45 g Bolsa (porción individual);Snacks;Snacks Salados;45;g;;$ 1.579,95;$ 1.911,74;$ 3.216,71
658;SNA-DOR-QUE-80GXX;Doritos Queso 80 g;Doritos;Queso;80 g Bolsa (bolsa);Snacks;Snacks Salados;80;g;;$ 757,39;$ 916,44;$ 1.723,05
659;SNA-DOR-QUE-140GXX;Doritos Queso 140 g;Doritos;Queso;140 g Bolsa (bolsa grande);Snacks;Snacks Salados;140;g;;$ 1.263,89;$ 1.529,31;$ 2.235,80
660;SNA-DOR-QUE-45GXX-P3;Doritos Queso Pack x3;Doritos;Queso;Pack x3 (45 g Bolsa);Snacks;Snacks Salados;45;g;;$ 1.349,51;$ 1.632,91;$ 2.297,52
661;SNA-DOR-QUE-45GXX-P6;Doritos Queso Pack x6;Doritos;Queso;Pack x6 (45 g Bolsa);Snacks;Snacks Salados;45;g;;$ 941,37;$ 1.139,06;$ 1.729,71
662;SNA-DOR-FLA-35GXX;Doritos Flamin' Hot 35 g;Doritos;Flamin' Hot;35 g Bolsa (porción individual);Snacks;Snacks Salados;35;g;;$ 528,05;$ 638,94;$ 1.024,05
663;SNA-DOR-FLA-45GXX;Doritos Flamin' Hot 45 g;Doritos;Flamin' Hot;45 g Bolsa (porción individual);Snacks;Snacks Salados;45;g;;$ 266,42;$ 322,37;$ 568,54
664;SNA-DOR-FLA-80GXX;Doritos Flamin' Hot 80 g;Doritos;Flamin' Hot;80 g Bolsa (bolsa);Snacks;Snacks Salados;80;g;;$ 755,29;$ 913,90;$ 1.325,00
665;SNA-DOR-FLA-140GXX;Doritos Flamin' Hot 140 g;Doritos;Flamin' Hot;140 g Bolsa (bolsa grande);Snacks;Snacks Salados;140;g;;$ 1.038,02;$ 1.256,00;$ 1.739,28
666;SNA-DOR-FLA-45GXX-P3;Doritos Flamin' Hot Pack x3;Doritos;Flamin' Hot;Pack x3 (45 g Bolsa);Snacks;Snacks Salados;45;g;;$ 758,37;$ 917,63;$ 1.661,80
667;SNA-DOR-FLA-45GXX-P6;Doritos Flamin' Hot Pack x6;Doritos;Flamin' Hot;Pack x6 (45 g Bolsa);Snacks;Snacks Salados;45;g;;$ 1.318,14;$ 1.594,95;$ 2.653,65
668;SNA-DOR-COO-35GXX;Doritos Cool Ranch 35 g;Doritos;Cool Ranch;35 g Bolsa (porción individual);Snacks;Snacks Salados;35;g;;$ 1.136,39;$ 1.375,03;$ 2.169,19
669;SNA-DOR-COO-45GXX;Doritos Cool Ranch 45 g;Doritos;Cool Ranch;45 g Bolsa (porción individual);Snacks;Snacks Salados;45;g;;$ 1.244,71;$ 1.506,10;$ 2.179,76
670;SNA-DOR-COO-80GXX;Doritos Cool Ranch 80 g;Doritos;Cool Ranch;80 g Bolsa (bolsa);Snacks;Snacks Salados;80;g;;$ 403,84;$ 488,65;$ 729,08
671;SNA-DOR-COO-140GXX;Doritos Cool Ranch 140 g;Doritos;Cool Ranch;140 g Bolsa (bolsa grande);Snacks;Snacks Salados;140;g;;$ 1.410,00;$ 1.706,10;$ 2.448,88
672;SNA-DOR-COO-45GXX-P3;Doritos Cool Ranch Pack x3;Doritos;Cool Ranch;Pack x3 (45 g Bolsa);Snacks;Snacks Salados;45;g;;$ 634,61;$ 767,88;$ 1.321,52
673;SNA-DOR-COO-45GXX-P6;Doritos Cool Ranch Pack x6;Doritos;Cool Ranch;Pack x6 (45 g Bolsa);Snacks;Snacks Salados;45;g;;$ 598,53;$ 724,22;$ 1.375,26
674;SNA-CHE-QUE-35GXX;Cheetos Queso 35 g;Cheetos;Queso;35 g Bolsa (porción individual);Snacks;Snacks Salados;35;g;;$ 214,80;$ 259,91;$ 465,27
675;SNA-CHE-QUE-45GXX;Cheetos Queso 45 g;Cheetos;Queso;45 g Bolsa (porción individual);Snacks;Snacks Salados;45;g;;$ 803,22;$ 971,90;$ 1.546,03
676;SNA-CHE-QUE-80GXX;Cheetos Queso 80 g;Cheetos;Queso;80 g Bolsa (bolsa);Snacks;Snacks Salados;80;g;;$ 776,52;$ 939,59;$ 1.529,14
677;SNA-CHE-QUE-140GXX;Cheetos Queso 140 g;Cheetos;Queso;140 g Bolsa (bolsa grande);Snacks;Snacks Salados;140;g;;$ 1.278,10;$ 1.546,50;$ 2.761,83
678;SNA-CHE-QUE-45GXX-P3;Cheetos Queso Pack x3;Cheetos;Queso;Pack x3 (45 g Bolsa);Snacks;Snacks Salados;45;g;;$ 1.535,92;$ 1.858,46;$ 3.239,85
679;SNA-CHE-QUE-45GXX-P6;Cheetos Queso Pack x6;Cheetos;Queso;Pack x6 (45 g Bolsa);Snacks;Snacks Salados;45;g;;$ 1.537,32;$ 1.860,16;$ 2.641,09
680;SNA-CHE-FLA-35GXX;Cheetos Flamin' Hot 35 g;Cheetos;Flamin' Hot;35 g Bolsa (porción individual);Snacks;Snacks Salados;35;g;;$ 1.184,51;$ 1.433,26;$ 2.457,80
681;SNA-CHE-FLA-45GXX;Cheetos Flamin' Hot 45 g;Cheetos;Flamin' Hot;45 g Bolsa (porción individual);Snacks;Snacks Salados;45;g;;$ 1.511,22;$ 1.828,58;$ 2.591,10
682;SNA-CHE-FLA-80GXX;Cheetos Flamin' Hot 80 g;Cheetos;Flamin' Hot;80 g Bolsa (bolsa);Snacks;Snacks Salados;80;g;;$ 1.518,12;$ 1.836,93;$ 2.773,93
683;SNA-CHE-FLA-140GXX;Cheetos Flamin' Hot 140 g;Cheetos;Flamin' Hot;140 g Bolsa (bolsa grande);Snacks;Snacks Salados;140;g;;$ 1.566,54;$ 1.895,51;$ 3.405,46
684;SNA-CHE-FLA-45GXX-P3;Cheetos Flamin' Hot Pack x3;Cheetos;Flamin' Hot;Pack x3 (45 g Bolsa);Snacks;Snacks Salados;45;g;;$ 621,87;$ 752,46;$ 1.318,57
685;SNA-CHE-FLA-45GXX-P6;Cheetos Flamin' Hot Pack x6;Cheetos;Flamin' Hot;Pack x6 (45 g Bolsa);Snacks;Snacks Salados;45;g;;$ 672,23;$ 813,40;$ 1.269,21
686;SNA-LAY-CLÁ-35GXX;Lay's Clásicas 35 g;Lay's;Clásicas;35 g Bolsa (porción individual);Snacks;Snacks Salados;35;g;;$ 1.445,19;$ 1.748,68;$ 2.656,60
687;SNA-LAY-CLÁ-45GXX;Lay's Clásicas 45 g;Lay's;Clásicas;45 g Bolsa (porción individual);Snacks;Snacks Salados;45;g;;$ 1.236,79;$ 1.496,52;$ 2.828,48
688;SNA-LAY-CLÁ-80GXX;Lay's Clásicas 80 g;Lay's;Clásicas;80 g Bolsa (bolsa);Snacks;Snacks Salados;80;g;;$ 1.014,94;$ 1.228,08;$ 2.232,62
689;SNA-LAY-CLÁ-140GXX;Lay's Clásicas 140 g;Lay's;Clásicas;140 g Bolsa (bolsa grande);Snacks;Snacks Salados;140;g;;$ 663,28;$ 802,57;$ 1.405,17
690;SNA-LAY-CLÁ-45GXX-P3;Lay's Clásicas Pack x3;Lay's;Clásicas;Pack x3 (45 g Bolsa);Snacks;Snacks Salados;45;g;;$ 302,28;$ 365,76;$ 576,57
691;SNA-LAY-CLÁ-45GXX-P6;Lay's Clásicas Pack x6;Lay's;Clásicas;Pack x6 (45 g Bolsa);Snacks;Snacks Salados;45;g;;$ 413,79;$ 500,69;$ 760,82
692;SNA-LAY-BBQ-35GXX;Lay's BBQ 35 g;Lay's;BBQ;35 g Bolsa (porción individual);Snacks;Snacks Salados;35;g;;$ 1.018,94;$ 1.232,92;$ 1.698,54
693;SNA-LAY-BBQ-45GXX;Lay's BBQ 45 g;Lay's;BBQ;45 g Bolsa (porción individual);Snacks;Snacks Salados;45;g;;$ 1.437,84;$ 1.739,79;$ 2.686,94
694;SNA-LAY-BBQ-80GXX;Lay's BBQ 80 g;Lay's;BBQ;80 g Bolsa (bolsa);Snacks;Snacks Salados;80;g;;$ 1.347,54;$ 1.630,52;$ 2.494,31
695;SNA-LAY-BBQ-140GXX;Lay's BBQ 140 g;Lay's;BBQ;140 g Bolsa (bolsa grande);Snacks;Snacks Salados;140;g;;$ 777,67;$ 940,98;$ 1.501,03
696;SNA-LAY-BBQ-45GXX-P3;Lay's BBQ Pack x3;Lay's;BBQ;Pack x3 (45 g Bolsa);Snacks;Snacks Salados;45;g;;$ 1.073,39;$ 1.298,80;$ 2.228,75
697;SNA-LAY-BBQ-45GXX-P6;Lay's BBQ Pack x6;Lay's;BBQ;Pack x6 (45 g Bolsa);Snacks;Snacks Salados;45;g;;$ 813,75;$ 984,64;$ 1.739,56
698;SNA-LAY-JAM-35GXX;Lay's Jamón Serrano 35 g;Lay's;Jamón Serrano;35 g Bolsa (porción individual);Snacks;Snacks Salados;35;g;;$ 1.184,67;$ 1.433,45;$ 1.973,05
699;SNA-LAY-JAM-45GXX;Lay's Jamón Serrano 45 g;Lay's;Jamón Serrano;45 g Bolsa (porción individual);Snacks;Snacks Salados;45;g;;$ 742,06;$ 897,89;$ 1.670,98
700;SNA-LAY-JAM-80GXX;Lay's Jamón Serrano 80 g;Lay's;Jamón Serrano;80 g Bolsa (bolsa);Snacks;Snacks Salados;80;g;;$ 306,51;$ 370,88;$ 613,84
701;SNA-LAY-JAM-140GXX;Lay's Jamón Serrano 140 g;Lay's;Jamón Serrano;140 g Bolsa (bolsa grande);Snacks;Snacks Salados;140;g;;$ 710,94;$ 860,24;$ 1.499,48
702;SNA-LAY-JAM-45GXX-P3;Lay's Jamón Serrano Pack x3;Lay's;Jamón Serrano;Pack x3 (45 g Bolsa);Snacks;Snacks Salados;45;g;;$ 838,60;$ 1.014,71;$ 1.780,89
703;SNA-LAY-JAM-45GXX-P6;Lay's Jamón Serrano Pack x6;Lay's;Jamón Serrano;Pack x6 (45 g Bolsa);Snacks;Snacks Salados;45;g;;$ 570,86;$ 690,74;$ 977,82
704;SNA-PRI-ORI-35GXX;Pringles Original 35 g;Pringles;Original;35 g Bolsa (porción individual);Snacks;Snacks Salados;35;g;;$ 670,58;$ 811,40;$ 1.236,56
705;SNA-PRI-ORI-45GXX;Pringles Original 45 g;Pringles;Original;45 g Bolsa (porción individual);Snacks;Snacks Salados;45;g;;$ 844,63;$ 1.022,00;$ 1.697,07
706;SNA-PRI-ORI-80GXX;Pringles Original 80 g;Pringles;Original;80 g Bolsa (bolsa);Snacks;Snacks Salados;80;g;;$ 221,02;$ 267,43;$ 407,64
707;SNA-PRI-ORI-140GXX;Pringles Original 140 g;Pringles;Original;140 g Bolsa (bolsa grande);Snacks;Snacks Salados;140;g;;$ 675,52;$ 817,38;$ 1.178,49
708;SNA-PRI-ORI-45GXX-P3;Pringles Original Pack x3;Pringles;Original;Pack x3 (45 g Bolsa);Snacks;Snacks Salados;45;g;;$ 1.293,22;$ 1.564,80;$ 2.398,77
709;SNA-PRI-ORI-45GXX-P6;Pringles Original Pack x6;Pringles;Original;Pack x6 (45 g Bolsa);Snacks;Snacks Salados;45;g;;$ 1.525,25;$ 1.845,55;$ 3.017,79
710;SNA-PRI-CHE-35GXX;Pringles Cheddar 35 g;Pringles;Cheddar;35 g Bolsa (porción individual);Snacks;Snacks Salados;35;g;;$ 1.006,35;$ 1.217,68;$ 2.291,61
711;SNA-PRI-CHE-45GXX;Pringles Cheddar 45 g;Pringles;Cheddar;45 g Bolsa (porción individual);Snacks;Snacks Salados;45;g;;$ 777,92;$ 941,28;$ 1.391,47
712;SNA-PRI-CHE-80GXX;Pringles Cheddar 80 g;Pringles;Cheddar;80 g Bolsa (bolsa);Snacks;Snacks Salados;80;g;;$ 1.239,92;$ 1.500,30;$ 2.303,15
713;SNA-PRI-CHE-140GXX;Pringles Cheddar 140 g;Pringles;Cheddar;140 g Bolsa (bolsa grande);Snacks;Snacks Salados;140;g;;$ 1.358,20;$ 1.643,42;$ 3.054,95
714;SNA-PRI-CHE-45GXX-P3;Pringles Cheddar Pack x3;Pringles;Cheddar;Pack x3 (45 g Bolsa);Snacks;Snacks Salados;45;g;;$ 1.311,39;$ 1.586,78;$ 2.776,73
715;SNA-PRI-CHE-45GXX-P6;Pringles Cheddar Pack x6;Pringles;Cheddar;Pack x6 (45 g Bolsa);Snacks;Snacks Salados;45;g;;$ 783,01;$ 947,44;$ 1.521,37
716;SNA-PRI-CRE-35GXX;Pringles Crema y Cebolla 35 g;Pringles;Crema y Cebolla;35 g Bolsa (porción individual);Snacks;Snacks Salados;35;g;;$ 320,44;$ 387,73;$ 602,36
717;SNA-PRI-CRE-45GXX;Pringles Crema y Cebolla 45 g;Pringles;Crema y Cebolla;45 g Bolsa (porción individual);Snacks;Snacks Salados;45;g;;$ 219,71;$ 265,85;$ 474,08
718;SNA-PRI-CRE-80GXX;Pringles Crema y Cebolla 80 g;Pringles;Crema y Cebolla;80 g Bolsa (bolsa);Snacks;Snacks Salados;80;g;;$ 1.046,21;$ 1.265,91;$ 2.265,93
719;SNA-PRI-CRE-140GXX;Pringles Crema y Cebolla 140 g;Pringles;Crema y Cebolla;140 g Bolsa (bolsa grande);Snacks;Snacks Salados;140;g;;$ 1.007,72;$ 1.219,34;$ 1.750,59
720;SNA-PRI-CRE-45GXX-P3;Pringles Crema y Cebolla Pack x3;Pringles;Crema y Cebolla;Pack x3 (45 g Bolsa);Snacks;Snacks Salados;45;g;;$ 881,44;$ 1.066,54;$ 1.457,00
721;SNA-PRI-CRE-45GXX-P6;Pringles Crema y Cebolla Pack x6;Pringles;Crema y Cebolla;Pack x6 (45 g Bolsa);Snacks;Snacks Salados;45;g;;$ 783,19;$ 947,66;$ 1.547,21
722;SNA-SAL-CLÁ-35GXX;Saladix Clásico 35 g;Saladix;Clásico;35 g Bolsa (porción individual);Snacks;Snacks Salados;35;g;;$ 1.094,31;$ 1.324,12;$ 1.789,99
723;SNA-SAL-CLÁ-45GXX;Saladix Clásico 45 g;Saladix;Clásico;45 g Bolsa (porción individual);Snacks;Snacks Salados;45;g;;$ 1.318,58;$ 1.595,48;$ 2.400,58
724;SNA-SAL-CLÁ-80GXX;Saladix Clásico 80 g;Saladix;Clásico;80 g Bolsa (bolsa);Snacks;Snacks Salados;80;g;;$ 1.552,86;$ 1.878,96;$ 2.796,36
725;SNA-SAL-CLÁ-140GXX;Saladix Clásico 140 g;Saladix;Clásico;140 g Bolsa (bolsa grande);Snacks;Snacks Salados;140;g;;$ 936,02;$ 1.132,58;$ 1.651,57
726;SNA-SAL-CLÁ-45GXX-P3;Saladix Clásico Pack x3;Saladix;Clásico;Pack x3 (45 g Bolsa);Snacks;Snacks Salados;45;g;;$ 271,05;$ 327,97;$ 501,75
727;SNA-SAL-CLÁ-45GXX-P6;Saladix Clásico Pack x6;Saladix;Clásico;Pack x6 (45 g Bolsa);Snacks;Snacks Salados;45;g;;$ 1.113,84;$ 1.347,75;$ 2.047,42
728;SNA-SAL-JAM-35GXX;Saladix Jamón 35 g;Saladix;Jamón;35 g Bolsa (porción individual);Snacks;Snacks Salados;35;g;;$ 1.493,11;$ 1.806,66;$ 3.275,13
729;SNA-SAL-JAM-45GXX;Saladix Jamón 45 g;Saladix;Jamón;45 g Bolsa (porción individual);Snacks;Snacks Salados;45;g;;$ 930,49;$ 1.125,89;$ 1.734,90
730;SNA-SAL-JAM-80GXX;Saladix Jamón 80 g;Saladix;Jamón;80 g Bolsa (bolsa);Snacks;Snacks Salados;80;g;;$ 674,38;$ 816,00;$ 1.438,34
731;SNA-SAL-JAM-140GXX;Saladix Jamón 140 g;Saladix;Jamón;140 g Bolsa (bolsa grande);Snacks;Snacks Salados;140;g;;$ 1.549,85;$ 1.875,32;$ 3.235,71
732;SNA-SAL-JAM-45GXX-P3;Saladix Jamón Pack x3;Saladix;Jamón;Pack x3 (45 g Bolsa);Snacks;Snacks Salados;45;g;;$ 1.406,40;$ 1.701,74;$ 3.231,26
733;SNA-SAL-JAM-45GXX-P6;Saladix Jamón Pack x6;Saladix;Jamón;Pack x6 (45 g Bolsa);Snacks;Snacks Salados;45;g;;$ 1.191,50;$ 1.441,71;$ 2.044,54
734;SNA-SAL-QUE-35GXX;Saladix Queso 35 g;Saladix;Queso;35 g Bolsa (porción individual);Snacks;Snacks Salados;35;g;;$ 1.386,91;$ 1.678,16;$ 2.930,00
735;SNA-SAL-QUE-45GXX;Saladix Queso 45 g;Saladix;Queso;45 g Bolsa (porción individual);Snacks;Snacks Salados;45;g;;$ 652,47;$ 789,49;$ 1.067,17
736;SNA-SAL-QUE-80GXX;Saladix Queso 80 g;Saladix;Queso;80 g Bolsa (bolsa);Snacks;Snacks Salados;80;g;;$ 564,48;$ 683,02;$ 971,86
737;SNA-SAL-QUE-140GXX;Saladix Queso 140 g;Saladix;Queso;140 g Bolsa (bolsa grande);Snacks;Snacks Salados;140;g;;$ 921,18;$ 1.114,63;$ 1.596,52
738;SNA-SAL-QUE-45GXX-P3;Saladix Queso Pack x3;Saladix;Queso;Pack x3 (45 g Bolsa);Snacks;Snacks Salados;45;g;;$ 1.155,53;$ 1.398,19;$ 2.501,42
739;SNA-SAL-QUE-45GXX-P6;Saladix Queso Pack x6;Saladix;Queso;Pack x6 (45 g Bolsa);Snacks;Snacks Salados;45;g;;$ 1.369,46;$ 1.657,05;$ 2.591,68
740;SNA-PEH-PAL-35GXX;Pehuamar Palitos 35 g;Pehuamar;Palitos;35 g Bolsa (porción individual);Snacks;Snacks Salados;35;g;;$ 1.485,77;$ 1.797,78;$ 3.035,99
741;SNA-PEH-PAL-45GXX;Pehuamar Palitos 45 g;Pehuamar;Palitos;45 g Bolsa (porción individual);Snacks;Snacks Salados;45;g;;$ 1.502,86;$ 1.818,46;$ 3.404,57
742;SNA-PEH-PAL-80GXX;Pehuamar Palitos 80 g;Pehuamar;Palitos;80 g Bolsa (bolsa);Snacks;Snacks Salados;80;g;;$ 554,16;$ 670,53;$ 1.052,89
743;SNA-PEH-PAL-140GXX;Pehuamar Palitos 140 g;Pehuamar;Palitos;140 g Bolsa (bolsa grande);Snacks;Snacks Salados;140;g;;$ 937,16;$ 1.133,96;$ 2.112,69
744;SNA-PEH-PAL-45GXX-P3;Pehuamar Palitos Pack x3;Pehuamar;Palitos;Pack x3 (45 g Bolsa);Snacks;Snacks Salados;45;g;;$ 523,52;$ 633,46;$ 914,52
745;SNA-PEH-PAL-45GXX-P6;Pehuamar Palitos Pack x6;Pehuamar;Palitos;Pack x6 (45 g Bolsa);Snacks;Snacks Salados;45;g;;$ 353,31;$ 427,51;$ 677,89
746;SNA-PEH-CON-35GXX;Pehuamar Conitos 35 g;Pehuamar;Conitos;35 g Bolsa (porción individual);Snacks;Snacks Salados;35;g;;$ 416,41;$ 503,86;$ 717,98
747;SNA-PEH-CON-45GXX;Pehuamar Conitos 45 g;Pehuamar;Conitos;45 g Bolsa (porción individual);Snacks;Snacks Salados;45;g;;$ 916,71;$ 1.109,22;$ 1.649,73
748;SNA-PEH-CON-80GXX;Pehuamar Conitos 80 g;Pehuamar;Conitos;80 g Bolsa (bolsa);Snacks;Snacks Salados;80;g;;$ 695,84;$ 841,97;$ 1.491,87
749;SNA-PEH-CON-140GXX;Pehuamar Conitos 140 g;Pehuamar;Conitos;140 g Bolsa (bolsa grande);Snacks;Snacks Salados;140;g;;$ 458,98;$ 555,37;$ 970,54
750;SNA-PEH-CON-45GXX-P3;Pehuamar Conitos Pack x3;Pehuamar;Conitos;Pack x3 (45 g Bolsa);Snacks;Snacks Salados;45;g;;$ 1.078,63;$ 1.305,14;$ 2.153,04
751;SNA-PEH-CON-45GXX-P6;Pehuamar Conitos Pack x6;Pehuamar;Conitos;Pack x6 (45 g Bolsa);Snacks;Snacks Salados;45;g;;$ 470,88;$ 569,76;$ 818,07
752;SNA-KRA-MAN-35GXX;Krachitos Maní Salado 35 g;Krachitos;Maní Salado;35 g Bolsa (porción individual);Snacks;Snacks Salados;35;g;;$ 778,77;$ 942,31;$ 1.559,22
753;SNA-KRA-MAN-45GXX;Krachitos Maní Salado 45 g;Krachitos;Maní Salado;45 g Bolsa (porción individual);Snacks;Snacks Salados;45;g;;$ 257,51;$ 311,59;$ 426,75
754;SNA-KRA-MAN-80GXX;Krachitos Maní Salado 80 g;Krachitos;Maní Salado;80 g Bolsa (bolsa);Snacks;Snacks Salados;80;g;;$ 805,72;$ 974,92;$ 1.454,49
755;SNA-KRA-MAN-140GXX;Krachitos Maní Salado 140 g;Krachitos;Maní Salado;140 g Bolsa (bolsa grande);Snacks;Snacks Salados;140;g;;$ 1.523,37;$ 1.843,28;$ 3.107,28
756;SNA-KRA-MAN-45GXX-P3;Krachitos Maní Salado Pack x3;Krachitos;Maní Salado;Pack x3 (45 g Bolsa);Snacks;Snacks Salados;45;g;;$ 1.416,80;$ 1.714,33;$ 2.857,51
757;SNA-KRA-MAN-45GXX-P6;Krachitos Maní Salado Pack x6;Krachitos;Maní Salado;Pack x6 (45 g Bolsa);Snacks;Snacks Salados;45;g;;$ 573,19;$ 693,56;$ 972,11
758;SNA-KRA-MAN-35GXX-2;Krachitos Maní Japonés 35 g;Krachitos;Maní Japonés;35 g Bolsa (porción individual);Snacks;Snacks Salados;35;g;;$ 1.079,08;$ 1.305,69;$ 2.349,61
759;SNA-KRA-MAN-45GXX-2;Krachitos Maní Japonés 45 g;Krachitos;Maní Japonés;45 g Bolsa (porción individual);Snacks;Snacks Salados;45;g;;$ 452,12;$ 547,07;$ 773,72
760;SNA-KRA-MAN-80GXX-2;Krachitos Maní Japonés 80 g;Krachitos;Maní Japonés;80 g Bolsa (bolsa);Snacks;Snacks Salados;80;g;;$ 1.287,57;$ 1.557,96;$ 2.613,50
761;SNA-KRA-MAN-140GXX-2;Krachitos Maní Japonés 140 g;Krachitos;Maní Japonés;140 g Bolsa (bolsa grande);Snacks;Snacks Salados;140;g;;$ 1.072,90;$ 1.298,21;$ 2.167,04
762;SNA-KRA-MAN-45GXX-P3-2;Krachitos Maní Japonés Pack x3;Krachitos;Maní Japonés;Pack x3 (45 g Bolsa);Snacks;Snacks Salados;45;g;;$ 372,30;$ 450,48;$ 743,02
763;SNA-KRA-MAN-45GXX-P6-2;Krachitos Maní Japonés Pack x6;Krachitos;Maní Japonés;Pack x6 (45 g Bolsa);Snacks;Snacks Salados;45;g;;$ 1.442,20;$ 1.745,06;$ 3.146,07
764;ALM-ORE-ORI-118GXX;Galletitas Oreo Original 118 g;Oreo;Original;118 g Paquete (paquete);Almacén;Galletitas;118;g;;$ 1.111,25;$ 1.344,61;$ 2.116,18
765;ALM-ORE-ORI-170GXX;Galletitas Oreo Original 170 g;Oreo;Original;170 g Paquete (paquete grande);Almacén;Galletitas;170;g;;$ 338,51;$ 409,60;$ 763,38
766;ALM-ORE-ORI-400GXX;Galletitas Oreo Original 400 g;Oreo;Original;400 g Paquete (familiar);Almacén;Galletitas;400;g;;$ 891,53;$ 1.078,75;$ 1.794,30
767;ALM-ORE-DOB-118GXX;Galletitas Oreo Doble Relleno 118 g;Oreo;Doble Relleno;118 g Paquete (paquete);Almacén;Galletitas;118;g;;$ 275,46;$ 333,31;$ 465,90
768;ALM-ORE-DOB-170GXX;Galletitas Oreo Doble Relleno 170 g;Oreo;Doble Relleno;170 g Paquete (paquete grande);Almacén;Galletitas;170;g;;$ 287,03;$ 347,31;$ 622,96
769;ALM-ORE-DOB-400GXX;Galletitas Oreo Doble Relleno 400 g;Oreo;Doble Relleno;400 g Paquete (familiar);Almacén;Galletitas;400;g;;$ 864,35;$ 1.045,86;$ 1.957,05
770;ALM-PEP-CHO-118GXX;Galletitas Pepitos Chocolate 118 g;Pepitos;Chocolate;118 g Paquete (paquete);Almacén;Galletitas;118;g;;$ 1.192,51;$ 1.442,94;$ 2.193,76
771;ALM-PEP-CHO-170GXX;Galletitas Pepitos Chocolate 170 g;Pepitos;Chocolate;170 g Paquete (paquete grande);Almacén;Galletitas;170;g;;$ 898,97;$ 1.087,75;$ 1.900,81
772;ALM-PEP-CHO-400GXX;Galletitas Pepitos Chocolate 400 g;Pepitos;Chocolate;400 g Paquete (familiar);Almacén;Galletitas;400;g;;$ 810,41;$ 980,60;$ 1.777,86
773;ALM-SON-VAI-118GXX;Galletitas Sonrisas Vainilla 118 g;Sonrisas;Vainilla;118 g Paquete (paquete);Almacén;Galletitas;118;g;;$ 534,44;$ 646,67;$ 1.078,79
774;ALM-SON-VAI-170GXX;Galletitas Sonrisas Vainilla 170 g;Sonrisas;Vainilla;170 g Paquete (paquete grande);Almacén;Galletitas;170;g;;$ 894,81;$ 1.082,72;$ 1.504,48
775;ALM-SON-VAI-400GXX;Galletitas Sonrisas Vainilla 400 g;Sonrisas;Vainilla;400 g Paquete (familiar);Almacén;Galletitas;400;g;;$ 668,17;$ 808,49;$ 1.312,07
776;ALM-CHO-CLÁ-118GXX;Galletitas Chocolinas Clásicas 118 g;Chocolinas;Clásicas;118 g Paquete (paquete);Almacén;Galletitas;118;g;;$ 940,53;$ 1.138,04;$ 2.124,05
777;ALM-CHO-CLÁ-170GXX;Galletitas Chocolinas Clásicas 170 g;Chocolinas;Clásicas;170 g Paquete (paquete grande);Almacén;Galletitas;170;g;;$ 1.223,83;$ 1.480,83;$ 2.520,41
778;ALM-CHO-CLÁ-400GXX;Galletitas Chocolinas Clásicas 400 g;Chocolinas;Clásicas;400 g Paquete (familiar);Almacén;Galletitas;400;g;;$ 709,70;$ 858,74;$ 1.503,26
779;ALM-9DE-DUL-118GXX;Galletitas 9 de Oro Dulces 118 g;9 de Oro;Dulces;118 g Paquete (paquete);Almacén;Galletitas;118;g;;$ 1.011,91;$ 1.224,41;$ 1.757,96
780;ALM-9DE-DUL-170GXX;Galletitas 9 de Oro Dulces 170 g;9 de Oro;Dulces;170 g Paquete (paquete grande);Almacén;Galletitas;170;g;;$ 775,05;$ 937,81;$ 1.300,91
781;ALM-9DE-DUL-400GXX;Galletitas 9 de Oro Dulces 400 g;9 de Oro;Dulces;400 g Paquete (familiar);Almacén;Galletitas;400;g;;$ 274,90;$ 332,63;$ 519,22
782;ALM-9DE-SAL-118GXX;Galletitas 9 de Oro Saladas 118 g;9 de Oro;Saladas;118 g Paquete (paquete);Almacén;Galletitas;118;g;;$ 931,62;$ 1.127,26;$ 1.557,97
783;ALM-9DE-SAL-170GXX;Galletitas 9 de Oro Saladas 170 g;9 de Oro;Saladas;170 g Paquete (paquete grande);Almacén;Galletitas;170;g;;$ 678,97;$ 821,55;$ 1.310,96
784;ALM-9DE-SAL-400GXX;Galletitas 9 de Oro Saladas 400 g;9 de Oro;Saladas;400 g Paquete (familiar);Almacén;Galletitas;400;g;;$ 325,42;$ 393,76;$ 663,61
785;ALM-DON-BIZ-118GXX;Galletitas Don Satur Bizcochitos 118 g;Don Satur;Bizcochitos;118 g Paquete (paquete);Almacén;Galletitas;118;g;;$ 497,10;$ 601,49;$ 874,34
786;ALM-DON-BIZ-170GXX;Galletitas Don Satur Bizcochitos 170 g;Don Satur;Bizcochitos;170 g Paquete (paquete grande);Almacén;Galletitas;170;g;;$ 889,10;$ 1.075,81;$ 1.791,17
787;ALM-DON-BIZ-400GXX;Galletitas Don Satur Bizcochitos 400 g;Don Satur;Bizcochitos;400 g Paquete (familiar);Almacén;Galletitas;400;g;;$ 543,85;$ 658,06;$ 970,63
788;ALM-DON-CRI-118GXX;Galletitas Don Satur Criollitos 118 g;Don Satur;Criollitos;118 g Paquete (paquete);Almacén;Galletitas;118;g;;$ 398,24;$ 481,87;$ 673,25
789;ALM-DON-CRI-170GXX;Galletitas Don Satur Criollitos 170 g;Don Satur;Criollitos;170 g Paquete (paquete grande);Almacén;Galletitas;170;g;;$ 378,69;$ 458,21;$ 718,23
790;ALM-DON-CRI-400GXX;Galletitas Don Satur Criollitos 400 g;Don Satur;Criollitos;400 g Paquete (familiar);Almacén;Galletitas;400;g;;$ 874,47;$ 1.058,11;$ 1.454,97
791;ALM-CRI-CLÁ-118GXX;Galletitas Criollitas Clásicas 118 g;Criollitas;Clásicas;118 g Paquete (paquete);Almacén;Galletitas;118;g;;$ 948,08;$ 1.147,18;$ 1.656,24
792;ALM-CRI-CLÁ-170GXX;Galletitas Criollitas Clásicas 170 g;Criollitas;Clásicas;170 g Paquete (paquete grande);Almacén;Galletitas;170;g;;$ 1.154,11;$ 1.396,47;$ 2.448,53
793;ALM-CRI-CLÁ-400GXX;Galletitas Criollitas Clásicas 400 g;Criollitas;Clásicas;400 g Paquete (familiar);Almacén;Galletitas;400;g;;$ 659,11;$ 797,52;$ 1.171,07
794;ALM-TRA-CLÁ-118GXX;Galletitas Traviata Clásicas 118 g;Traviata;Clásicas;118 g Paquete (paquete);Almacén;Galletitas;118;g;;$ 625,78;$ 757,19;$ 1.284,00
795;ALM-TRA-CLÁ-170GXX;Galletitas Traviata Clásicas 170 g;Traviata;Clásicas;170 g Paquete (paquete grande);Almacén;Galletitas;170;g;;$ 902,94;$ 1.092,56;$ 2.033,53
796;ALM-TRA-CLÁ-400GXX;Galletitas Traviata Clásicas 400 g;Traviata;Clásicas;400 g Paquete (familiar);Almacén;Galletitas;400;g;;$ 855,52;$ 1.035,18;$ 1.892,28
797;ALM-OPE-TOR-118GXX;Galletitas Opera Torta Negra 118 g;Opera;Torta Negra;118 g Paquete (paquete);Almacén;Galletitas;118;g;;$ 953,23;$ 1.153,41;$ 1.619,40
798;ALM-OPE-TOR-170GXX;Galletitas Opera Torta Negra 170 g;Opera;Torta Negra;170 g Paquete (paquete grande);Almacén;Galletitas;170;g;;$ 1.176,89;$ 1.424,04;$ 2.537,80
799;ALM-OPE-TOR-400GXX;Galletitas Opera Torta Negra 400 g;Opera;Torta Negra;400 g Paquete (familiar);Almacén;Galletitas;400;g;;$ 1.008,73;$ 1.220,56;$ 1.847,11
800;ALM-OPE-TOR-118GXX-2;Galletitas Opera Torta Blanca 118 g;Opera;Torta Blanca;118 g Paquete (paquete);Almacén;Galletitas;118;g;;$ 724,41;$ 876,54;$ 1.610,16
801;ALM-OPE-TOR-170GXX-2;Galletitas Opera Torta Blanca 170 g;Opera;Torta Blanca;170 g Paquete (paquete grande);Almacén;Galletitas;170;g;;$ 858,13;$ 1.038,34;$ 1.550,17
802;ALM-OPE-TOR-400GXX-2;Galletitas Opera Torta Blanca 400 g;Opera;Torta Blanca;400 g Paquete (familiar);Almacén;Galletitas;400;g;;$ 520,06;$ 629,27;$ 911,48
803;ALM-RUM-CHO-118GXX;Galletitas Rumba Chocolate 118 g;Rumba;Chocolate;118 g Paquete (paquete);Almacén;Galletitas;118;g;;$ 1.246,99;$ 1.508,86;$ 2.513,28
804;ALM-RUM-CHO-170GXX;Galletitas Rumba Chocolate 170 g;Rumba;Chocolate;170 g Paquete (paquete grande);Almacén;Galletitas;170;g;;$ 424,16;$ 513,23;$ 852,86
805;ALM-RUM-CHO-400GXX;Galletitas Rumba Chocolate 400 g;Rumba;Chocolate;400 g Paquete (familiar);Almacén;Galletitas;400;g;;$ 438,37;$ 530,43;$ 751,26
806;CON-FRI-BOM-1UNX;Helado Frigor Bombón Suizo;Frigor;Bombón Suizo;Unidad;Congelados;Helados;1;un;;$ 360,17;$ 435,81;$ 751,48
807;CON-FRI-BOM-6UNX-P6;Helado Frigor Bombón Suizo Pack x6;Frigor;Bombón Suizo;Pack x6;Congelados;Helados;6;un;;$ 1.371,00;$ 1.658,91;$ 2.470,86
808;CON-FRI-BOM-12UNX-P12;Helado Frigor Bombón Suizo Pack x12;Frigor;Bombón Suizo;Pack x12;Congelados;Helados;12;un;;$ 1.368,15;$ 1.655,46;$ 2.956,26
809;CON-FRI-FRU-1UNX;Helado Frigor Frutilla al Agua;Frigor;Frutilla al Agua;Unidad;Congelados;Helados;1;un;;$ 842,06;$ 1.018,89;$ 1.536,71
810;CON-FRI-FRU-6UNX-P6;Helado Frigor Frutilla al Agua Pack x6;Frigor;Frutilla al Agua;Pack x6;Congelados;Helados;6;un;;$ 989,37;$ 1.197,14;$ 2.124,76
811;CON-FRI-FRU-12UNX-P12;Helado Frigor Frutilla al Agua Pack x12;Frigor;Frutilla al Agua;Pack x12;Congelados;Helados;12;un;;$ 486,34;$ 588,47;$ 884,54
812;CON-FRI-CRE-1UNX;Helado Frigor Crema Americana;Frigor;Crema Americana;Unidad;Congelados;Helados;1;un;;$ 605,26;$ 732,36;$ 1.374,33
813;CON-FRI-CRE-6UNX-P6;Helado Frigor Crema Americana Pack x6;Frigor;Crema Americana;Pack x6;Congelados;Helados;6;un;;$ 583,15;$ 705,61;$ 1.322,03
814;CON-FRI-CRE-12UNX-P12;Helado Frigor Crema Americana Pack x12;Frigor;Crema Americana;Pack x12;Congelados;Helados;12;un;;$ 930,48;$ 1.125,88;$ 2.116,93
815;CON-FRI-CHO-1UNX;Helado Frigor Chocolate;Frigor;Chocolate;Unidad;Congelados;Helados;1;un;;$ 828,59;$ 1.002,59;$ 1.418,51
816;CON-FRI-CHO-6UNX-P6;Helado Frigor Chocolate Pack x6;Frigor;Chocolate;Pack x6;Congelados;Helados;6;un;;$ 1.908,94;$ 2.309,82;$ 3.657,84
817;CON-FRI-CHO-12UNX-P12;Helado Frigor Chocolate Pack x12;Frigor;Chocolate;Pack x12;Congelados;Helados;12;un;;$ 1.927,36;$ 2.332,11;$ 3.355,56
818;CON-GRI-PAL-1UNX;Helado Grido Palito Frutal;Grido;Palito Frutal;Unidad;Congelados;Helados;1;un;;$ 1.942,23;$ 2.350,10;$ 3.379,04
819;CON-GRI-PAL-6UNX-P6;Helado Grido Palito Frutal Pack x6;Grido;Palito Frutal;Pack x6;Congelados;Helados;6;un;;$ 976,43;$ 1.181,48;$ 1.902,56
820;CON-GRI-PAL-12UNX-P12;Helado Grido Palito Frutal Pack x12;Grido;Palito Frutal;Pack x12;Congelados;Helados;12;un;;$ 1.367,53;$ 1.654,71;$ 2.895,07
821;CON-GRI-BOM-1UNX;Helado Grido Bombón Helado;Grido;Bombón Helado;Unidad;Congelados;Helados;1;un;;$ 377,11;$ 456,30;$ 629,51
822;CON-GRI-BOM-6UNX-P6;Helado Grido Bombón Helado Pack x6;Grido;Bombón Helado;Pack x6;Congelados;Helados;6;un;;$ 1.381,90;$ 1.672,10;$ 2.758,71
823;CON-GRI-BOM-12UNX-P12;Helado Grido Bombón Helado Pack x12;Grido;Bombón Helado;Pack x12;Congelados;Helados;12;un;;$ 1.926,76;$ 2.331,38;$ 3.166,35
824;CON-GRI-SAN-1UNX;Helado Grido Sandwich Helado;Grido;Sandwich Helado;Unidad;Congelados;Helados;1;un;;$ 443,42;$ 536,54;$ 859,49
825;CON-GRI-SAN-6UNX-P6;Helado Grido Sandwich Helado Pack x6;Grido;Sandwich Helado;Pack x6;Congelados;Helados;6;un;;$ 1.994,52;$ 2.413,37;$ 4.187,77
826;CON-GRI-SAN-12UNX-P12;Helado Grido Sandwich Helado Pack x12;Grido;Sandwich Helado;Pack x12;Congelados;Helados;12;un;;$ 707,25;$ 855,77;$ 1.253,26
827;CON-GRI-CON-1UNX;Helado Grido Cono;Grido;Cono;Unidad;Congelados;Helados;1;un;;$ 317,09;$ 383,68;$ 621,98
828;CON-GRI-CON-6UNX-P6;Helado Grido Cono Pack x6;Grido;Cono;Pack x6;Congelados;Helados;6;un;;$ 1.930,06;$ 2.335,37;$ 4.034,46
829;CON-GRI-CON-12UNX-P12;Helado Grido Cono Pack x12;Grido;Cono;Pack x12;Congelados;Helados;12;un;;$ 1.240,33;$ 1.500,80;$ 2.769,83
830;CON-ARC-BON-1UNX;Helado Arcor Bon o Bon Helado;Arcor;Bon o Bon Helado;Unidad;Congelados;Helados;1;un;;$ 1.934,09;$ 2.340,25;$ 3.942,22
831;CON-ARC-BON-6UNX-P6;Helado Arcor Bon o Bon Helado Pack x6;Arcor;Bon o Bon Helado;Pack x6;Congelados;Helados;6;un;;$ 855,51;$ 1.035,17;$ 1.790,04
832;CON-ARC-BON-12UNX-P12;Helado Arcor Bon o Bon Helado Pack x12;Arcor;Bon o Bon Helado;Pack x12;Congelados;Helados;12;un;;$ 1.746,88;$ 2.113,72;$ 3.451,48
833;CON-ARC-PAL-1UNX;Helado Arcor Paleta Frutal;Arcor;Paleta Frutal;Unidad;Congelados;Helados;1;un;;$ 1.801,37;$ 2.179,66;$ 4.082,29
834;CON-ARC-PAL-6UNX-P6;Helado Arcor Paleta Frutal Pack x6;Arcor;Paleta Frutal;Pack x6;Congelados;Helados;6;un;;$ 1.880,42;$ 2.275,31;$ 3.816,68
835;CON-ARC-PAL-12UNX-P12;Helado Arcor Paleta Frutal Pack x12;Arcor;Paleta Frutal;Pack x12;Congelados;Helados;12;un;;$ 1.911,56;$ 2.312,99;$ 3.970,54
836;TAB-MAR-RED-10UNX;Marlboro Red Atado x10;Marlboro;Red;Atado x10;Tabaco;Cigarrillos;10;un;;$ 2.505,21;$ 3.031,30;$ 5.512,57
837;TAB-MAR-RED-12UNX;Marlboro Red Atado x12;Marlboro;Red;Atado x12;Tabaco;Cigarrillos;12;un;;$ 1.186,42;$ 1.435,57;$ 2.380,90
838;TAB-MAR-RED-20UNX;Marlboro Red Atado x20;Marlboro;Red;Atado x20;Tabaco;Cigarrillos;20;un;;$ 3.975,90;$ 4.810,84;$ 7.690,96
839;TAB-MAR-RED-25UNX;Marlboro Red Atado x25;Marlboro;Red;Atado x25;Tabaco;Cigarrillos;25;un;;$ 1.070,38;$ 1.295,16;$ 2.197,08
840;TAB-MAR-RED-10ATA;Marlboro Red Cartón x10 atados;Marlboro;Red;Cartón x10;Tabaco;Cigarrillos;10;atados;;$ 1.715,11;$ 2.075,28;$ 3.446,16
841;TAB-MAR-RED-20ATA;Marlboro Red Cartón x20 atados;Marlboro;Red;Cartón x20;Tabaco;Cigarrillos;20;atados;;$ 3.640,47;$ 4.404,97;$ 5.976,51
842;TAB-MAR-GOL-10UNX;Marlboro Gold Atado x10;Marlboro;Gold;Atado x10;Tabaco;Cigarrillos;10;un;;$ 1.367,33;$ 1.654,47;$ 2.768,63
843;TAB-MAR-GOL-12UNX;Marlboro Gold Atado x12;Marlboro;Gold;Atado x12;Tabaco;Cigarrillos;12;un;;$ 2.520,18;$ 3.049,42;$ 5.162,24
844;TAB-MAR-GOL-20UNX;Marlboro Gold Atado x20;Marlboro;Gold;Atado x20;Tabaco;Cigarrillos;20;un;;$ 1.999,08;$ 2.418,89;$ 3.667,87
845;TAB-MAR-GOL-25UNX;Marlboro Gold Atado x25;Marlboro;Gold;Atado x25;Tabaco;Cigarrillos;25;un;;$ 2.951,98;$ 3.571,90;$ 5.727,26
846;TAB-MAR-GOL-10ATA;Marlboro Gold Cartón x10 atados;Marlboro;Gold;Cartón x10;Tabaco;Cigarrillos;10;atados;;$ 3.447,13;$ 4.171,03;$ 6.654,12
847;TAB-MAR-GOL-20ATA;Marlboro Gold Cartón x20 atados;Marlboro;Gold;Cartón x20;Tabaco;Cigarrillos;20;atados;;$ 2.956,36;$ 3.577,20;$ 5.527,08
848;TAB-MAR-BLU-10UNX;Marlboro Blue Atado x10;Marlboro;Blue;Atado x10;Tabaco;Cigarrillos;10;un;;$ 1.731,01;$ 2.094,52;$ 3.673,22
849;TAB-MAR-BLU-12UNX;Marlboro Blue Atado x12;Marlboro;Blue;Atado x12;Tabaco;Cigarrillos;12;un;;$ 3.391,40;$ 4.103,59;$ 6.764,40
850;TAB-MAR-BLU-20UNX;Marlboro Blue Atado x20;Marlboro;Blue;Atado x20;Tabaco;Cigarrillos;20;un;;$ 2.422,44;$ 2.931,15;$ 5.413,30
851;TAB-MAR-BLU-25UNX;Marlboro Blue Atado x25;Marlboro;Blue;Atado x25;Tabaco;Cigarrillos;25;un;;$ 3.682,38;$ 4.455,68;$ 6.256,31
852;TAB-MAR-BLU-10ATA;Marlboro Blue Cartón x10 atados;Marlboro;Blue;Cartón x10;Tabaco;Cigarrillos;10;atados;;$ 2.756,87;$ 3.335,81;$ 5.805,87
853;TAB-MAR-BLU-20ATA;Marlboro Blue Cartón x20 atados;Marlboro;Blue;Cartón x20;Tabaco;Cigarrillos;20;atados;;$ 2.895,02;$ 3.502,97;$ 6.316,85
854;TAB-MAR-MEN-10UNX;Marlboro Menthol Atado x10;Marlboro;Menthol;Atado x10;Tabaco;Cigarrillos;10;un;;$ 3.779,75;$ 4.573,50;$ 6.860,04
855;TAB-MAR-MEN-12UNX;Marlboro Menthol Atado x12;Marlboro;Menthol;Atado x12;Tabaco;Cigarrillos;12;un;;$ 1.645,16;$ 1.990,64;$ 2.917,61
856;TAB-MAR-MEN-20UNX;Marlboro Menthol Atado x20;Marlboro;Menthol;Atado x20;Tabaco;Cigarrillos;20;un;;$ 2.825,29;$ 3.418,60;$ 4.953,84
857;TAB-MAR-MEN-25UNX;Marlboro Menthol Atado x25;Marlboro;Menthol;Atado x25;Tabaco;Cigarrillos;25;un;;$ 3.252,76;$ 3.935,84;$ 5.541,44
858;TAB-MAR-MEN-10ATA;Marlboro Menthol Cartón x10 atados;Marlboro;Menthol;Cartón x10;Tabaco;Cigarrillos;10;atados;;$ 2.906,53;$ 3.516,90;$ 5.283,42
859;TAB-MAR-MEN-20ATA;Marlboro Menthol Cartón x20 atados;Marlboro;Menthol;Cartón x20;Tabaco;Cigarrillos;20;atados;;$ 2.116,44;$ 2.560,89;$ 4.045,61
860;TAB-MAR-FUS-10UNX;Marlboro Fusion Atado x10;Marlboro;Fusion;Atado x10;Tabaco;Cigarrillos;10;un;;$ 2.066,38;$ 2.500,32;$ 4.350,65
861;TAB-MAR-FUS-12UNX;Marlboro Fusion Atado x12;Marlboro;Fusion;Atado x12;Tabaco;Cigarrillos;12;un;;$ 2.662,91;$ 3.222,12;$ 5.640,97
862;TAB-MAR-FUS-20UNX;Marlboro Fusion Atado x20;Marlboro;Fusion;Atado x20;Tabaco;Cigarrillos;20;un;;$ 4.113,50;$ 4.977,34;$ 7.175,17
863;TAB-MAR-FUS-25UNX;Marlboro Fusion Atado x25;Marlboro;Fusion;Atado x25;Tabaco;Cigarrillos;25;un;;$ 2.274,47;$ 2.752,11;$ 4.824,52
864;TAB-MAR-FUS-10ATA;Marlboro Fusion Cartón x10 atados;Marlboro;Fusion;Cartón x10;Tabaco;Cigarrillos;10;atados;;$ 3.042,14;$ 3.680,99;$ 6.883,69
865;TAB-MAR-FUS-20ATA;Marlboro Fusion Cartón x20 atados;Marlboro;Fusion;Cartón x20;Tabaco;Cigarrillos;20;atados;;$ 1.764,96;$ 2.135,60;$ 3.196,10
866;TAB-PHI-KSX-10UNX;Philip Morris KS Atado x10;Philip Morris;KS;Atado x10;Tabaco;Cigarrillos;10;un;;$ 1.798,39;$ 2.176,05;$ 3.017,88
867;TAB-PHI-KSX-12UNX;Philip Morris KS Atado x12;Philip Morris;KS;Atado x12;Tabaco;Cigarrillos;12;un;;$ 1.992,23;$ 2.410,60;$ 4.210,53
868;TAB-PHI-KSX-20UNX;Philip Morris KS Atado x20;Philip Morris;KS;Atado x20;Tabaco;Cigarrillos;20;un;;$ 1.489,05;$ 1.801,75;$ 3.177,33
869;TAB-PHI-KSX-25UNX;Philip Morris KS Atado x25;Philip Morris;KS;Atado x25;Tabaco;Cigarrillos;25;un;;$ 3.861,39;$ 4.672,28;$ 6.975,22
870;TAB-PHI-KSX-10ATA;Philip Morris KS Cartón x10 atados;Philip Morris;KS;Cartón x10;Tabaco;Cigarrillos;10;atados;;$ 2.861,74;$ 3.462,71;$ 5.040,52
871;TAB-PHI-KSX-20ATA;Philip Morris KS Cartón x20 atados;Philip Morris;KS;Cartón x20;Tabaco;Cigarrillos;20;atados;;$ 4.134,33;$ 5.002,54;$ 8.157,63
872;TAB-PHI-BLU-10UNX;Philip Morris Blue Atado x10;Philip Morris;Blue;Atado x10;Tabaco;Cigarrillos;10;un;;$ 3.620,99;$ 4.381,40;$ 6.993,23
873;TAB-PHI-BLU-12UNX;Philip Morris Blue Atado x12;Philip Morris;Blue;Atado x12;Tabaco;Cigarrillos;12;un;;$ 2.452,92;$ 2.968,03;$ 4.673,27
874;TAB-PHI-BLU-20UNX;Philip Morris Blue Atado x20;Philip Morris;Blue;Atado x20;Tabaco;Cigarrillos;20;un;;$ 1.363,67;$ 1.650,04;$ 2.642,70
875;TAB-PHI-BLU-25UNX;Philip Morris Blue Atado x25;Philip Morris;Blue;Atado x25;Tabaco;Cigarrillos;25;un;;$ 2.156,40;$ 2.609,24;$ 3.618,51
876;TAB-PHI-BLU-10ATA;Philip Morris Blue Cartón x10 atados;Philip Morris;Blue;Cartón x10;Tabaco;Cigarrillos;10;atados;;$ 3.545,83;$ 4.290,45;$ 6.894,37
877;TAB-PHI-BLU-20ATA;Philip Morris Blue Cartón x20 atados;Philip Morris;Blue;Cartón x20;Tabaco;Cigarrillos;20;atados;;$ 3.047,38;$ 3.687,33;$ 7.003,92
878;TAB-PHI-MEN-10UNX;Philip Morris Menthol Atado x10;Philip Morris;Menthol;Atado x10;Tabaco;Cigarrillos;10;un;;$ 1.025,91;$ 1.241,35;$ 1.685,75
879;TAB-PHI-MEN-12UNX;Philip Morris Menthol Atado x12;Philip Morris;Menthol;Atado x12;Tabaco;Cigarrillos;12;un;;$ 1.461,13;$ 1.767,97;$ 2.416,76
880;TAB-PHI-MEN-20UNX;Philip Morris Menthol Atado x20;Philip Morris;Menthol;Atado x20;Tabaco;Cigarrillos;20;un;;$ 1.249,37;$ 1.511,74;$ 2.139,20
881;TAB-PHI-MEN-25UNX;Philip Morris Menthol Atado x25;Philip Morris;Menthol;Atado x25;Tabaco;Cigarrillos;25;un;;$ 3.864,54;$ 4.676,09;$ 6.430,85
882;TAB-PHI-MEN-10ATA;Philip Morris Menthol Cartón x10 atados;Philip Morris;Menthol;Cartón x10;Tabaco;Cigarrillos;10;atados;;$ 1.011,78;$ 1.224,25;$ 1.850,73
883;TAB-PHI-MEN-20ATA;Philip Morris Menthol Cartón x20 atados;Philip Morris;Menthol;Cartón x20;Tabaco;Cigarrillos;20;atados;;$ 2.213,21;$ 2.677,98;$ 4.340,17
884;TAB-CHE-ORI-10UNX;Chesterfield Original Atado x10;Chesterfield;Original;Atado x10;Tabaco;Cigarrillos;10;un;;$ 1.099,55;$ 1.330,46;$ 2.237,14
885;TAB-CHE-ORI-12UNX;Chesterfield Original Atado x12;Chesterfield;Original;Atado x12;Tabaco;Cigarrillos;12;un;;$ 3.602,64;$ 4.359,19;$ 6.431,04
886;TAB-CHE-ORI-20UNX;Chesterfield Original Atado x20;Chesterfield;Original;Atado x20;Tabaco;Cigarrillos;20;un;;$ 3.821,94;$ 4.624,55;$ 6.632,46
887;TAB-CHE-ORI-25UNX;Chesterfield Original Atado x25;Chesterfield;Original;Atado x25;Tabaco;Cigarrillos;25;un;;$ 1.319,86;$ 1.597,03;$ 2.749,70
888;TAB-CHE-ORI-10ATA;Chesterfield Original Cartón x10 atados;Chesterfield;Original;Cartón x10;Tabaco;Cigarrillos;10;atados;;$ 1.943,28;$ 2.351,37;$ 4.312,23
889;TAB-CHE-ORI-20ATA;Chesterfield Original Cartón x20 atados;Chesterfield;Original;Cartón x20;Tabaco;Cigarrillos;20;atados;;$ 2.055,89;$ 2.487,63;$ 4.121,27
890;TAB-CHE-BLU-10UNX;Chesterfield Blue Atado x10;Chesterfield;Blue;Atado x10;Tabaco;Cigarrillos;10;un;;$ 2.688,32;$ 3.252,87;$ 6.011,61
891;TAB-CHE-BLU-12UNX;Chesterfield Blue Atado x12;Chesterfield;Blue;Atado x12;Tabaco;Cigarrillos;12;un;;$ 1.186,14;$ 1.435,23;$ 2.130,64
892;TAB-CHE-BLU-20UNX;Chesterfield Blue Atado x20;Chesterfield;Blue;Atado x20;Tabaco;Cigarrillos;20;un;;$ 2.042,40;$ 2.471,30;$ 4.135,32
893;TAB-CHE-BLU-25UNX;Chesterfield Blue Atado x25;Chesterfield;Blue;Atado x25;Tabaco;Cigarrillos;25;un;;$ 2.648,66;$ 3.204,88;$ 4.954,05
894;TAB-CHE-BLU-10ATA;Chesterfield Blue Cartón x10 atados;Chesterfield;Blue;Cartón x10;Tabaco;Cigarrillos;10;atados;;$ 3.917,34;$ 4.739,98;$ 7.742,95
895;TAB-CHE-BLU-20ATA;Chesterfield Blue Cartón x20 atados;Chesterfield;Blue;Cartón x20;Tabaco;Cigarrillos;20;atados;;$ 2.222,83;$ 2.689,62;$ 4.926,58
896;TAB-LUC-RED-10UNX;Lucky Strike Red Atado x10;Lucky Strike;Red;Atado x10;Tabaco;Cigarrillos;10;un;;$ 3.537,51;$ 4.280,39;$ 7.188,14
897;TAB-LUC-RED-12UNX;Lucky Strike Red Atado x12;Lucky Strike;Red;Atado x12;Tabaco;Cigarrillos;12;un;;$ 2.875,17;$ 3.478,96;$ 6.428,97
898;TAB-LUC-RED-20UNX;Lucky Strike Red Atado x20;Lucky Strike;Red;Atado x20;Tabaco;Cigarrillos;20;un;;$ 1.704,17;$ 2.062,05;$ 3.530,22
899;TAB-LUC-RED-25UNX;Lucky Strike Red Atado x25;Lucky Strike;Red;Atado x25;Tabaco;Cigarrillos;25;un;;$ 1.059,51;$ 1.282,01;$ 1.942,22
900;TAB-LUC-RED-10ATA;Lucky Strike Red Cartón x10 atados;Lucky Strike;Red;Cartón x10;Tabaco;Cigarrillos;10;atados;;$ 1.323,88;$ 1.601,89;$ 2.502,26
901;TAB-LUC-RED-20ATA;Lucky Strike Red Cartón x20 atados;Lucky Strike;Red;Cartón x20;Tabaco;Cigarrillos;20;atados;;$ 1.556,72;$ 1.883,63;$ 2.751,68
902;TAB-LUC-DOU-10UNX;Lucky Strike Double Click Atado x10;Lucky Strike;Double Click;Atado x10;Tabaco;Cigarrillos;10;un;;$ 1.181,99;$ 1.430,21;$ 2.653,44
903;TAB-LUC-DOU-12UNX;Lucky Strike Double Click Atado x12;Lucky Strike;Double Click;Atado x12;Tabaco;Cigarrillos;12;un;;$ 1.408,51;$ 1.704,30;$ 3.034,40
904;TAB-LUC-DOU-20UNX;Lucky Strike Double Click Atado x20;Lucky Strike;Double Click;Atado x20;Tabaco;Cigarrillos;20;un;;$ 1.709,50;$ 2.068,49;$ 3.504,93
905;TAB-LUC-DOU-25UNX;Lucky Strike Double Click Atado x25;Lucky Strike;Double Click;Atado x25;Tabaco;Cigarrillos;25;un;;$ 1.808,91;$ 2.188,78;$ 3.939,46
906;TAB-LUC-DOU-10ATA;Lucky Strike Double Click Cartón x10 atados;Lucky Strike;Double Click;Cartón x10;Tabaco;Cigarrillos;10;atados;;$ 3.656,89;$ 4.424,84;$ 6.619,40
907;TAB-LUC-DOU-20ATA;Lucky Strike Double Click Cartón x20 atados;Lucky Strike;Double Click;Cartón x20;Tabaco;Cigarrillos;20;atados;;$ 1.733,44;$ 2.097,46;$ 3.111,71
908;TAB-CAM-BLU-10UNX;Camel Blue Atado x10;Camel;Blue;Atado x10;Tabaco;Cigarrillos;10;un;;$ 1.953,74;$ 2.364,03;$ 4.256,93
909;TAB-CAM-BLU-12UNX;Camel Blue Atado x12;Camel;Blue;Atado x12;Tabaco;Cigarrillos;12;un;;$ 2.088,29;$ 2.526,83;$ 4.565,60
910;TAB-CAM-BLU-20UNX;Camel Blue Atado x20;Camel;Blue;Atado x20;Tabaco;Cigarrillos;20;un;;$ 2.452,36;$ 2.967,36;$ 5.190,19
911;TAB-CAM-BLU-25UNX;Camel Blue Atado x25;Camel;Blue;Atado x25;Tabaco;Cigarrillos;25;un;;$ 3.773,66;$ 4.566,13;$ 7.810,49
912;TAB-CAM-BLU-10ATA;Camel Blue Cartón x10 atados;Camel;Blue;Cartón x10;Tabaco;Cigarrillos;10;atados;;$ 3.664,06;$ 4.433,51;$ 7.825,81
913;TAB-CAM-BLU-20ATA;Camel Blue Cartón x20 atados;Camel;Blue;Cartón x20;Tabaco;Cigarrillos;20;atados;;$ 3.657,72;$ 4.425,84;$ 7.292,54
914;TAB-CAM-ACT-10UNX;Camel Activate Atado x10;Camel;Activate;Atado x10;Tabaco;Cigarrillos;10;un;;$ 3.009,84;$ 3.641,91;$ 5.500,12
915;TAB-CAM-ACT-12UNX;Camel Activate Atado x12;Camel;Activate;Atado x12;Tabaco;Cigarrillos;12;un;;$ 2.861,89;$ 3.462,89;$ 5.843,10
916;TAB-CAM-ACT-20UNX;Camel Activate Atado x20;Camel;Activate;Atado x20;Tabaco;Cigarrillos;20;un;;$ 1.072,30;$ 1.297,48;$ 2.224,42
917;TAB-CAM-ACT-25UNX;Camel Activate Atado x25;Camel;Activate;Atado x25;Tabaco;Cigarrillos;25;un;;$ 3.841,10;$ 4.647,73;$ 7.890,08
918;TAB-CAM-ACT-10ATA;Camel Activate Cartón x10 atados;Camel;Activate;Cartón x10;Tabaco;Cigarrillos;10;atados;;$ 2.482,13;$ 3.003,38;$ 4.614,53
919;TAB-CAM-ACT-20ATA;Camel Activate Cartón x20 atados;Camel;Activate;Cartón x20;Tabaco;Cigarrillos;20;atados;;$ 3.077,72;$ 3.724,04;$ 5.541,29
920;TAB-PAR-NIG-10UNX;Parliament Night Blue Atado x10;Parliament;Night Blue;Atado x10;Tabaco;Cigarrillos;10;un;;$ 1.549,42;$ 1.874,80;$ 2.667,82
921;TAB-PAR-NIG-12UNX;Parliament Night Blue Atado x12;Parliament;Night Blue;Atado x12;Tabaco;Cigarrillos;12;un;;$ 4.084,64;$ 4.942,41;$ 8.794,04
922;TAB-PAR-NIG-20UNX;Parliament Night Blue Atado x20;Parliament;Night Blue;Atado x20;Tabaco;Cigarrillos;20;un;;$ 3.246,72;$ 3.928,53;$ 6.440,38
923;TAB-PAR-NIG-25UNX;Parliament Night Blue Atado x25;Parliament;Night Blue;Atado x25;Tabaco;Cigarrillos;25;un;;$ 1.848,72;$ 2.236,95;$ 3.438,95
924;TAB-PAR-NIG-10ATA;Parliament Night Blue Cartón x10 atados;Parliament;Night Blue;Cartón x10;Tabaco;Cigarrillos;10;atados;;$ 2.292,63;$ 2.774,08;$ 4.832,06
925;TAB-PAR-NIG-20ATA;Parliament Night Blue Cartón x20 atados;Parliament;Night Blue;Cartón x20;Tabaco;Cigarrillos;20;atados;;$ 951,24;$ 1.151,00;$ 1.659,33
926;TAB-BIC-MIN-1UNX;Bic Encendedor Mini;Bic;Mini;Unidad;Tabaco;Accesorios;1;un;;$ 3.166,29;$ 3.831,21;$ 5.334,78
927;TAB-BIC-CLÁ-1UNX;Bic Encendedor Clásico;Bic;Clásico;Unidad;Tabaco;Accesorios;1;un;;$ 2.827,84;$ 3.421,69;$ 5.071,44
928;TAB-CLI-MIN-1UNX;Clipper Encendedor Mini;Clipper;Mini;Unidad;Tabaco;Accesorios;1;un;;$ 1.156,32;$ 1.399,15;$ 2.311,47
929;TAB-CLI-CLÁ-1UNX;Clipper Encendedor Clásico;Clipper;Clásico;Unidad;Tabaco;Accesorios;1;un;;$ 3.986,35;$ 4.823,48;$ 7.416,63
930;TAB-TRE-CAJ-1UNX;Tres Patitos Fósforos Caja chica;Tres Patitos;Caja chica;Unidad;Tabaco;Accesorios;1;un;;$ 1.425,62;$ 1.725,00;$ 3.223,68
931;TAB-TRE-CAJ-1UNX-2;Tres Patitos Fósforos Caja grande;Tres Patitos;Caja grande;Unidad;Tabaco;Accesorios;1;un;;$ 1.918,17;$ 2.320,99;$ 3.656,30
932;TAB-CAN-CAJ-1UNX;Candela Fósforos Caja chica;Candela;Caja chica;Unidad;Tabaco;Accesorios;1;un;;$ 3.866,71;$ 4.678,72;$ 6.497,77
933;TAB-CAN-CAJ-1UNX-2;Candela Fósforos Caja grande;Candela;Caja grande;Unidad;Tabaco;Accesorios;1;un;;$ 3.809,02;$ 4.608,91;$ 6.743,29
934;TAB-OCB-PAP-1UNX-P1;OCB Papel para armar Pack x1;OCB;Papel para armar;Pack x1;Tabaco;Accesorios;1;un;;$ 940,62;$ 1.138,15;$ 1.856,46
935;TAB-OCB-PAP-5UNX-P5;OCB Papel para armar Pack x5;OCB;Papel para armar;Pack x5;Tabaco;Accesorios;5;un;;$ 3.489,28;$ 4.222,03;$ 6.754,04
936;TAB-OCB-PAP-10UNX-P10;OCB Papel para armar Pack x10;OCB;Papel para armar;Pack x10;Tabaco;Accesorios;10;un;;$ 3.341,19;$ 4.042,84;$ 7.068,26
937;TAB-RIZ-PAP-1UNX-P1;Rizla Papel para armar Pack x1;Rizla;Papel para armar;Pack x1;Tabaco;Accesorios;1;un;;$ 3.085,13;$ 3.733,01;$ 5.707,47
938;TAB-RIZ-PAP-5UNX-P5;Rizla Papel para armar Pack x5;Rizla;Papel para armar;Pack x5;Tabaco;Accesorios;5;un;;$ 2.189,43;$ 2.649,21;$ 3.924,77
939;TAB-RIZ-PAP-10UNX-P10;Rizla Papel para armar Pack x10;Rizla;Papel para armar;Pack x10;Tabaco;Accesorios;10;un;;$ 2.084,03;$ 2.521,68;$ 4.098,37
940;TAB-GIZ-FIL-1UNX-P1;Gizeh Filtros Pack x1;Gizeh;Filtros;Pack x1;Tabaco;Accesorios;1;un;;$ 3.890,12;$ 4.707,05;$ 7.956,14
941;TAB-GIZ-FIL-2UNX-P2;Gizeh Filtros Pack x2;Gizeh;Filtros;Pack x2;Tabaco;Accesorios;2;un;;$ 2.341,14;$ 2.832,78;$ 3.934,17
942;TAB-GIZ-FIL-5UNX-P5;Gizeh Filtros Pack x5;Gizeh;Filtros;Pack x5;Tabaco;Accesorios;5;un;;$ 1.726,88;$ 2.089,52;$ 3.449,42
943;EMO-ELF-ICE-5000PUF;Elf Bar 5000 puffs Ice Mint (Desechable);Elf Bar;Ice Mint;Desechable (5000 puffs);EMON;Vape Desechable;5000;puffs;;$ 2.816,54;$ 3.408,01;$ 5.274,60
944;EMO-ELF-COO-5000PUF;Elf Bar 5000 puffs Cool Menthol (Desechable);Elf Bar;Cool Menthol;Desechable (5000 puffs);EMON;Vape Desechable;5000;puffs;;$ 5.312,00;$ 6.427,52;$ 9.262,56
945;EMO-ELF-BLU-5000PUF;Elf Bar 5000 puffs Blue Razz Ice (Desechable);Elf Bar;Blue Razz Ice;Desechable (5000 puffs);EMON;Vape Desechable;5000;puffs;;$ 3.121,41;$ 3.776,91;$ 6.356,06
946;EMO-ELF-STR-5000PUF;Elf Bar 5000 puffs Strawberry Kiwi Ice (Desechable);Elf Bar;Strawberry Kiwi Ice;Desechable (5000 puffs);EMON;Vape Desechable;5000;puffs;;$ 3.621,86;$ 4.382,45;$ 8.127,56
947;EMO-ELF-WAT-5000PUF;Elf Bar 5000 puffs Watermelon Ice (Desechable);Elf Bar;Watermelon Ice;Desechable (5000 puffs);EMON;Vape Desechable;5000;puffs;;$ 13.746,66;$ 16.633,46;$ 25.344,74
948;EMO-ELF-MAN-5000PUF;Elf Bar 5000 puffs Mango Ice (Desechable);Elf Bar;Mango Ice;Desechable (5000 puffs);EMON;Vape Desechable;5000;puffs;;$ 9.352,38;$ 11.316,38;$ 17.233,26
949;EMO-ELF-PEA-5000PUF;Elf Bar 5000 puffs Peach Ice (Desechable);Elf Bar;Peach Ice;Desechable (5000 puffs);EMON;Vape Desechable;5000;puffs;;$ 8.596,84;$ 10.402,18;$ 14.363,22
950;EMO-ELF-GRA-5000PUF;Elf Bar 5000 puffs Grape Ice (Desechable);Elf Bar;Grape Ice;Desechable (5000 puffs);EMON;Vape Desechable;5000;puffs;;$ 3.348,60;$ 4.051,81;$ 7.575,65
951;EMO-ELF-BAN-5000PUF;Elf Bar 5000 puffs Banana Ice (Desechable);Elf Bar;Banana Ice;Desechable (5000 puffs);EMON;Vape Desechable;5000;puffs;;$ 5.510,05;$ 6.667,16;$ 11.262,57
952;EMO-ELF-PIN-5000PUF;Elf Bar 5000 puffs Pineapple Ice (Desechable);Elf Bar;Pineapple Ice;Desechable (5000 puffs);EMON;Vape Desechable;5000;puffs;;$ 13.750,56;$ 16.638,18;$ 29.896,75
953;EMO-ELF-APP-5000PUF;Elf Bar 5000 puffs Apple Ice (Desechable);Elf Bar;Apple Ice;Desechable (5000 puffs);EMON;Vape Desechable;5000;puffs;;$ 13.578,53;$ 16.430,02;$ 22.485,62
954;EMO-ELF-BER-5000PUF;Elf Bar 5000 puffs Berry Mix (Desechable);Elf Bar;Berry Mix;Desechable (5000 puffs);EMON;Vape Desechable;5000;puffs;;$ 5.926,65;$ 7.171,25;$ 11.071,53
955;EMO-ELF-CHE-5000PUF;Elf Bar 5000 puffs Cherry Ice (Desechable);Elf Bar;Cherry Ice;Desechable (5000 puffs);EMON;Vape Desechable;5000;puffs;;$ 3.121,31;$ 3.776,79;$ 6.438,72
956;EMO-ELF-LEM-5000PUF;Elf Bar 5000 puffs Lemon Lime (Desechable);Elf Bar;Lemon Lime;Desechable (5000 puffs);EMON;Vape Desechable;5000;puffs;;$ 11.050,67;$ 13.371,31;$ 20.830,81
957;EMO-ELF-BLU-5000PUF-P2;Elf Bar 5000 puffs Blue Razz Ice Pack x2;Elf Bar;Blue Razz Ice;Pack x2 (Desechable 5000 puffs);EMON;Vape Desechable;5000;puffs;;$ 13.838,85;$ 16.745,01;$ 30.233,45
958;EMO-ELF-MAN-5000PUF-P5;Elf Bar 5000 puffs Mango Ice Pack x5;Elf Bar;Mango Ice;Pack x5 (Desechable 5000 puffs);EMON;Vape Desechable;5000;puffs;;$ 3.223,83;$ 3.900,83;$ 7.254,24
959;EMO-ELF-ICE-10000PUF;Elf Bar 10000 puffs Ice Mint (Desechable);Elf Bar;Ice Mint;Desechable (10000 puffs);EMON;Vape Desechable;10000;puffs;;$ 8.653,52;$ 10.470,76;$ 17.162,88
960;EMO-ELF-COO-10000PUF;Elf Bar 10000 puffs Cool Menthol (Desechable);Elf Bar;Cool Menthol;Desechable (10000 puffs);EMON;Vape Desechable;10000;puffs;;$ 2.950,20;$ 3.569,74;$ 5.131,83
961;EMO-ELF-BLU-10000PUF;Elf Bar 10000 puffs Blue Razz Ice (Desechable);Elf Bar;Blue Razz Ice;Desechable (10000 puffs);EMON;Vape Desechable;10000;puffs;;$ 8.707,62;$ 10.536,22;$ 17.190,08
962;EMO-ELF-STR-10000PUF;Elf Bar 10000 puffs Strawberry Kiwi Ice (Desechable);Elf Bar;Strawberry Kiwi Ice;Desechable (10000 puffs);EMON;Vape Desechable;10000;puffs;;$ 9.112,51;$ 11.026,14;$ 16.180,83
963;EMO-ELF-WAT-10000PUF;Elf Bar 10000 puffs Watermelon Ice (Desechable);Elf Bar;Watermelon Ice;Desechable (10000 puffs);EMON;Vape Desechable;10000;puffs;;$ 14.120,15;$ 17.085,38;$ 25.021,10
964;EMO-ELF-MAN-10000PUF;Elf Bar 10000 puffs Mango Ice (Desechable);Elf Bar;Mango Ice;Desechable (10000 puffs);EMON;Vape Desechable;10000;puffs;;$ 9.791,31;$ 11.847,49;$ 16.704,86
965;EMO-ELF-PEA-10000PUF;Elf Bar 10000 puffs Peach Ice (Desechable);Elf Bar;Peach Ice;Desechable (10000 puffs);EMON;Vape Desechable;10000;puffs;;$ 13.699,27;$ 16.576,12;$ 25.382,20
966;EMO-ELF-GRA-10000PUF;Elf Bar 10000 puffs Grape Ice (Desechable);Elf Bar;Grape Ice;Desechable (10000 puffs);EMON;Vape Desechable;10000;puffs;;$ 5.354,00;$ 6.478,34;$ 9.038,52
967;EMO-ELF-BAN-10000PUF;Elf Bar 10000 puffs Banana Ice (Desechable);Elf Bar;Banana Ice;Desechable (10000 puffs);EMON;Vape Desechable;10000;puffs;;$ 11.274,59;$ 13.642,25;$ 19.783,87
968;EMO-ELF-PIN-10000PUF;Elf Bar 10000 puffs Pineapple Ice (Desechable);Elf Bar;Pineapple Ice;Desechable (10000 puffs);EMON;Vape Desechable;10000;puffs;;$ 6.115,43;$ 7.399,67;$ 10.004,41
969;EMO-ELF-APP-10000PUF;Elf Bar 10000 puffs Apple Ice (Desechable);Elf Bar;Apple Ice;Desechable (10000 puffs);EMON;Vape Desechable;10000;puffs;;$ 10.746,60;$ 13.003,39;$ 21.485,40
970;EMO-ELF-BER-10000PUF;Elf Bar 10000 puffs Berry Mix (Desechable);Elf Bar;Berry Mix;Desechable (10000 puffs);EMON;Vape Desechable;10000;puffs;;$ 10.223,44;$ 12.370,36;$ 21.995,73
971;EMO-ELF-CHE-10000PUF;Elf Bar 10000 puffs Cherry Ice (Desechable);Elf Bar;Cherry Ice;Desechable (10000 puffs);EMON;Vape Desechable;10000;puffs;;$ 9.760,48;$ 11.810,18;$ 16.847,65
972;EMO-ELF-LEM-10000PUF;Elf Bar 10000 puffs Lemon Lime (Desechable);Elf Bar;Lemon Lime;Desechable (10000 puffs);EMON;Vape Desechable;10000;puffs;;$ 9.462,91;$ 11.450,12;$ 15.718,89
973;EMO-ELF-BLU-10000PUF-P2;Elf Bar 10000 puffs Blue Razz Ice Pack x2;Elf Bar;Blue Razz Ice;Pack x2 (Desechable 10000 puffs);EMON;Vape Desechable;10000;puffs;;$ 10.793,63;$ 13.060,29;$ 21.493,28
974;EMO-ELF-MAN-10000PUF-P5;Elf Bar 10000 puffs Mango Ice Pack x5;Elf Bar;Mango Ice;Pack x5 (Desechable 10000 puffs);EMON;Vape Desechable;10000;puffs;;$ 11.492,69;$ 13.906,15;$ 18.891,89
975;EMO-ELF-ICE-15000PUF;Elf Bar 15000 puffs Ice Mint (Desechable);Elf Bar;Ice Mint;Desechable (15000 puffs);EMON;Vape Desechable;15000;puffs;;$ 9.567,83;$ 11.577,07;$ 18.443,95
976;EMO-ELF-COO-15000PUF;Elf Bar 15000 puffs Cool Menthol (Desechable);Elf Bar;Cool Menthol;Desechable (15000 puffs);EMON;Vape Desechable;15000;puffs;;$ 5.696,88;$ 6.893,22;$ 9.433,60
977;EMO-ELF-BLU-15000PUF;Elf Bar 15000 puffs Blue Razz Ice (Desechable);Elf Bar;Blue Razz Ice;Desechable (15000 puffs);EMON;Vape Desechable;15000;puffs;;$ 4.074,95;$ 4.930,69;$ 7.413,39
978;EMO-ELF-STR-15000PUF;Elf Bar 15000 puffs Strawberry Kiwi Ice (Desechable);Elf Bar;Strawberry Kiwi Ice;Desechable (15000 puffs);EMON;Vape Desechable;15000;puffs;;$ 3.806,50;$ 4.605,86;$ 7.542,57
979;EMO-ELF-WAT-15000PUF;Elf Bar 15000 puffs Watermelon Ice (Desechable);Elf Bar;Watermelon Ice;Desechable (15000 puffs);EMON;Vape Desechable;15000;puffs;;$ 6.383,20;$ 7.723,67;$ 14.309,70
980;EMO-ELF-MAN-15000PUF;Elf Bar 15000 puffs Mango Ice (Desechable);Elf Bar;Mango Ice;Desechable (15000 puffs);EMON;Vape Desechable;15000;puffs;;$ 10.403,26;$ 12.587,94;$ 19.303,03
981;EMO-ELF-PEA-15000PUF;Elf Bar 15000 puffs Peach Ice (Desechable);Elf Bar;Peach Ice;Desechable (15000 puffs);EMON;Vape Desechable;15000;puffs;;$ 14.999,77;$ 18.149,72;$ 30.713,64
982;EMO-ELF-GRA-15000PUF;Elf Bar 15000 puffs Grape Ice (Desechable);Elf Bar;Grape Ice;Desechable (15000 puffs);EMON;Vape Desechable;15000;puffs;;$ 3.949,08;$ 4.778,39;$ 7.518,19
983;EMO-ELF-BAN-15000PUF;Elf Bar 15000 puffs Banana Ice (Desechable);Elf Bar;Banana Ice;Desechable (15000 puffs);EMON;Vape Desechable;15000;puffs;;$ 6.265,93;$ 7.581,78;$ 13.296,39
984;EMO-ELF-PIN-15000PUF;Elf Bar 15000 puffs Pineapple Ice (Desechable);Elf Bar;Pineapple Ice;Desechable (15000 puffs);EMON;Vape Desechable;15000;puffs;;$ 7.401,03;$ 8.955,25;$ 12.452,41
985;EMO-ELF-APP-15000PUF;Elf Bar 15000 puffs Apple Ice (Desechable);Elf Bar;Apple Ice;Desechable (15000 puffs);EMON;Vape Desechable;15000;puffs;;$ 10.746,94;$ 13.003,80;$ 22.784,16
986;EMO-ELF-BER-15000PUF;Elf Bar 15000 puffs Berry Mix (Desechable);Elf Bar;Berry Mix;Desechable (15000 puffs);EMON;Vape Desechable;15000;puffs;;$ 7.620,01;$ 9.220,21;$ 15.520,43
987;EMO-ELF-CHE-15000PUF;Elf Bar 15000 puffs Cherry Ice (Desechable);Elf Bar;Cherry Ice;Desechable (15000 puffs);EMON;Vape Desechable;15000;puffs;;$ 5.500,19;$ 6.655,23;$ 10.670,07
988;EMO-ELF-LEM-15000PUF;Elf Bar 15000 puffs Lemon Lime (Desechable);Elf Bar;Lemon Lime;Desechable (15000 puffs);EMON;Vape Desechable;15000;puffs;;$ 6.372,41;$ 7.710,62;$ 13.668,41
989;EMO-ELF-BLU-15000PUF-P2;Elf Bar 15000 puffs Blue Razz Ice Pack x2;Elf Bar;Blue Razz Ice;Pack x2 (Desechable 15000 puffs);EMON;Vape Desechable;15000;puffs;;$ 11.114,38;$ 13.448,40;$ 23.757,86
990;EMO-ELF-MAN-15000PUF-P5;Elf Bar 15000 puffs Mango Ice Pack x5;Elf Bar;Mango Ice;Pack x5 (Desechable 15000 puffs);EMON;Vape Desechable;15000;puffs;;$ 12.761,95;$ 15.441,96;$ 23.734,47
991;EMO-ELF-ICE-20000PUF;Elf Bar 20000 puffs Ice Mint (Desechable);Elf Bar;Ice Mint;Desechable (20000 puffs);EMON;Vape Desechable;20000;puffs;;$ 8.088,04;$ 9.786,53;$ 15.503,00
992;EMO-ELF-COO-20000PUF;Elf Bar 20000 puffs Cool Menthol (Desechable);Elf Bar;Cool Menthol;Desechable (20000 puffs);EMON;Vape Desechable;20000;puffs;;$ 12.858,68;$ 15.559,00;$ 27.162,81
993;EMO-ELF-BLU-20000PUF;Elf Bar 20000 puffs Blue Razz Ice (Desechable);Elf Bar;Blue Razz Ice;Desechable (20000 puffs);EMON;Vape Desechable;20000;puffs;;$ 8.545,79;$ 10.340,41;$ 17.936,12
994;EMO-ELF-STR-20000PUF;Elf Bar 20000 puffs Strawberry Kiwi Ice (Desechable);Elf Bar;Strawberry Kiwi Ice;Desechable (20000 puffs);EMON;Vape Desechable;20000;puffs;;$ 10.646,27;$ 12.881,99;$ 21.246,68
995;EMO-ELF-WAT-20000PUF;Elf Bar 20000 puffs Watermelon Ice (Desechable);Elf Bar;Watermelon Ice;Desechable (20000 puffs);EMON;Vape Desechable;20000;puffs;;$ 11.723,40;$ 14.185,31;$ 19.490,29
996;EMO-ELF-MAN-20000PUF;Elf Bar 20000 puffs Mango Ice (Desechable);Elf Bar;Mango Ice;Desechable (20000 puffs);EMON;Vape Desechable;20000;puffs;;$ 4.560,37;$ 5.518,05;$ 8.307,49
997;EMO-ELF-PEA-20000PUF;Elf Bar 20000 puffs Peach Ice (Desechable);Elf Bar;Peach Ice;Desechable (20000 puffs);EMON;Vape Desechable;20000;puffs;;$ 13.581,97;$ 16.434,18;$ 30.600,18
998;EMO-ELF-GRA-20000PUF;Elf Bar 20000 puffs Grape Ice (Desechable);Elf Bar;Grape Ice;Desechable (20000 puffs);EMON;Vape Desechable;20000;puffs;;$ 11.699,98;$ 14.156,98;$ 22.258,17
999;EMO-ELF-BAN-20000PUF;Elf Bar 20000 puffs Banana Ice (Desechable);Elf Bar;Banana Ice;Desechable (20000 puffs);EMON;Vape Desechable;20000;puffs;;$ 6.132,69;$ 7.420,55;$ 10.873,09
1000;EMO-ELF-PIN-20000PUF;Elf Bar 20000 puffs Pineapple Ice (Desechable);Elf Bar;Pineapple Ice;Desechable (20000 puffs);EMON;Vape Desechable;20000;puffs;;$ 7.207,86;$ 8.721,51;$ 15.016,06
1001;EMO-ELF-APP-20000PUF;Elf Bar 20000 puffs Apple Ice (Desechable);Elf Bar;Apple Ice;Desechable (20000 puffs);EMON;Vape Desechable;20000;puffs;;$ 8.337,52;$ 10.088,40;$ 18.266,18
1002;EMO-ELF-BER-20000PUF;Elf Bar 20000 puffs Berry Mix (Desechable);Elf Bar;Berry Mix;Desechable (20000 puffs);EMON;Vape Desechable;20000;puffs;;$ 12.342,04;$ 14.933,87;$ 21.377,18
1003;EMO-ELF-CHE-20000PUF;Elf Bar 20000 puffs Cherry Ice (Desechable);Elf Bar;Cherry Ice;Desechable (20000 puffs);EMON;Vape Desechable;20000;puffs;;$ 2.504,21;$ 3.030,09;$ 4.991,39
1004;EMO-ELF-LEM-20000PUF;Elf Bar 20000 puffs Lemon Lime (Desechable);Elf Bar;Lemon Lime;Desechable (20000 puffs);EMON;Vape Desechable;20000;puffs;;$ 3.352,16;$ 4.056,11;$ 6.715,09
1005;EMO-ELF-BLU-20000PUF-P2;Elf Bar 20000 puffs Blue Razz Ice Pack x2;Elf Bar;Blue Razz Ice;Pack x2 (Desechable 20000 puffs);EMON;Vape Desechable;20000;puffs;;$ 10.976,87;$ 13.282,01;$ 19.085,72
1006;EMO-ELF-MAN-20000PUF-P5;Elf Bar 20000 puffs Mango Ice Pack x5;Elf Bar;Mango Ice;Pack x5 (Desechable 20000 puffs);EMON;Vape Desechable;20000;puffs;;$ 7.986,99;$ 9.664,26;$ 14.623,04
1007;EMO-ELF-ICE-25000PUF;Elf Bar 25000 puffs Ice Mint (Desechable);Elf Bar;Ice Mint;Desechable (25000 puffs);EMON;Vape Desechable;25000;puffs;;$ 8.982,57;$ 10.868,91;$ 17.388,24
1008;EMO-ELF-COO-25000PUF;Elf Bar 25000 puffs Cool Menthol (Desechable);Elf Bar;Cool Menthol;Desechable (25000 puffs);EMON;Vape Desechable;25000;puffs;;$ 12.975,36;$ 15.700,19;$ 26.409,08
1009;EMO-ELF-BLU-25000PUF;Elf Bar 25000 puffs Blue Razz Ice (Desechable);Elf Bar;Blue Razz Ice;Desechable (25000 puffs);EMON;Vape Desechable;25000;puffs;;$ 5.389,33;$ 6.521,09;$ 11.689,89
1010;EMO-ELF-STR-25000PUF;Elf Bar 25000 puffs Strawberry Kiwi Ice (Desechable);Elf Bar;Strawberry Kiwi Ice;Desechable (25000 puffs);EMON;Vape Desechable;25000;puffs;;$ 7.092,04;$ 8.581,37;$ 14.108,80
1011;EMO-ELF-WAT-25000PUF;Elf Bar 25000 puffs Watermelon Ice (Desechable);Elf Bar;Watermelon Ice;Desechable (25000 puffs);EMON;Vape Desechable;25000;puffs;;$ 7.675,97;$ 9.287,92;$ 16.107,61
1012;EMO-ELF-MAN-25000PUF;Elf Bar 25000 puffs Mango Ice (Desechable);Elf Bar;Mango Ice;Desechable (25000 puffs);EMON;Vape Desechable;25000;puffs;;$ 9.788,81;$ 11.844,46;$ 22.000,82
1013;EMO-ELF-PEA-25000PUF;Elf Bar 25000 puffs Peach Ice (Desechable);Elf Bar;Peach Ice;Desechable (25000 puffs);EMON;Vape Desechable;25000;puffs;;$ 8.868,24;$ 10.730,57;$ 18.784,07
1014;EMO-ELF-GRA-25000PUF;Elf Bar 25000 puffs Grape Ice (Desechable);Elf Bar;Grape Ice;Desechable (25000 puffs);EMON;Vape Desechable;25000;puffs;;$ 12.982,33;$ 15.708,62;$ 21.370,19
1015;EMO-ELF-BAN-25000PUF;Elf Bar 25000 puffs Banana Ice (Desechable);Elf Bar;Banana Ice;Desechable (25000 puffs);EMON;Vape Desechable;25000;puffs;;$ 4.244,53;$ 5.135,88;$ 8.384,66
1016;EMO-ELF-PIN-25000PUF;Elf Bar 25000 puffs Pineapple Ice (Desechable);Elf Bar;Pineapple Ice;Desechable (25000 puffs);EMON;Vape Desechable;25000;puffs;;$ 11.503,03;$ 13.918,67;$ 23.402,78
1017;EMO-ELF-APP-25000PUF;Elf Bar 25000 puffs Apple Ice (Desechable);Elf Bar;Apple Ice;Desechable (25000 puffs);EMON;Vape Desechable;25000;puffs;;$ 5.882,96;$ 7.118,38;$ 13.226,96
1018;EMO-ELF-BER-25000PUF;Elf Bar 25000 puffs Berry Mix (Desechable);Elf Bar;Berry Mix;Desechable (25000 puffs);EMON;Vape Desechable;25000;puffs;;$ 11.497,37;$ 13.911,82;$ 24.900,11
1019;EMO-ELF-CHE-25000PUF;Elf Bar 25000 puffs Cherry Ice (Desechable);Elf Bar;Cherry Ice;Desechable (25000 puffs);EMON;Vape Desechable;25000;puffs;;$ 11.923,58;$ 14.427,53;$ 25.289,27
1020;EMO-ELF-LEM-25000PUF;Elf Bar 25000 puffs Lemon Lime (Desechable);Elf Bar;Lemon Lime;Desechable (25000 puffs);EMON;Vape Desechable;25000;puffs;;$ 5.419,34;$ 6.557,40;$ 9.560,24
1021;EMO-ELF-BLU-25000PUF-P2;Elf Bar 25000 puffs Blue Razz Ice Pack x2;Elf Bar;Blue Razz Ice;Pack x2 (Desechable 25000 puffs);EMON;Vape Desechable;25000;puffs;;$ 5.921,66;$ 7.165,21;$ 11.276,10
1022;EMO-ELF-MAN-25000PUF-P5;Elf Bar 25000 puffs Mango Ice Pack x5;Elf Bar;Mango Ice;Pack x5 (Desechable 25000 puffs);EMON;Vape Desechable;25000;puffs;;$ 5.988,71;$ 7.246,34;$ 9.918,64
1023;EMO-ELF-ICE-30000PUF;Elf Bar 30000 puffs Ice Mint (Desechable);Elf Bar;Ice Mint;Desechable (30000 puffs);EMON;Vape Desechable;30000;puffs;;$ 10.523,75;$ 12.733,74;$ 18.909,94
1024;EMO-ELF-COO-30000PUF;Elf Bar 30000 puffs Cool Menthol (Desechable);Elf Bar;Cool Menthol;Desechable (30000 puffs);EMON;Vape Desechable;30000;puffs;;$ 8.064,58;$ 9.758,14;$ 17.601,90
1025;EMO-ELF-BLU-30000PUF;Elf Bar 30000 puffs Blue Razz Ice (Desechable);Elf Bar;Blue Razz Ice;Desechable (30000 puffs);EMON;Vape Desechable;30000;puffs;;$ 14.370,33;$ 17.388,10;$ 27.295,60
1026;EMO-ELF-STR-30000PUF;Elf Bar 30000 puffs Strawberry Kiwi Ice (Desechable);Elf Bar;Strawberry Kiwi Ice;Desechable (30000 puffs);EMON;Vape Desechable;30000;puffs;;$ 12.207,53;$ 14.771,11;$ 26.867,43
1027;EMO-ELF-WAT-30000PUF;Elf Bar 30000 puffs Watermelon Ice (Desechable);Elf Bar;Watermelon Ice;Desechable (30000 puffs);EMON;Vape Desechable;30000;puffs;;$ 14.314,87;$ 17.320,99;$ 26.496,34
1028;EMO-ELF-MAN-30000PUF;Elf Bar 30000 puffs Mango Ice (Desechable);Elf Bar;Mango Ice;Desechable (30000 puffs);EMON;Vape Desechable;30000;puffs;;$ 7.815,04;$ 9.456,20;$ 16.451,78
1029;EMO-ELF-PEA-30000PUF;Elf Bar 30000 puffs Peach Ice (Desechable);Elf Bar;Peach Ice;Desechable (30000 puffs);EMON;Vape Desechable;30000;puffs;;$ 11.373,23;$ 13.761,61;$ 25.877,28
1030;EMO-ELF-GRA-30000PUF;Elf Bar 30000 puffs Grape Ice (Desechable);Elf Bar;Grape Ice;Desechable (30000 puffs);EMON;Vape Desechable;30000;puffs;;$ 12.306,34;$ 14.890,67;$ 23.242,71
1031;EMO-ELF-BAN-30000PUF;Elf Bar 30000 puffs Banana Ice (Desechable);Elf Bar;Banana Ice;Desechable (30000 puffs);EMON;Vape Desechable;30000;puffs;;$ 12.140,88;$ 14.690,46;$ 22.140,89
1032;EMO-ELF-PIN-30000PUF;Elf Bar 30000 puffs Pineapple Ice (Desechable);Elf Bar;Pineapple Ice;Desechable (30000 puffs);EMON;Vape Desechable;30000;puffs;;$ 3.423,54;$ 4.142,48;$ 5.755,76
1033;EMO-ELF-APP-30000PUF;Elf Bar 30000 puffs Apple Ice (Desechable);Elf Bar;Apple Ice;Desechable (30000 puffs);EMON;Vape Desechable;30000;puffs;;$ 8.877,88;$ 10.742,23;$ 15.351,74
1034;EMO-ELF-BER-30000PUF;Elf Bar 30000 puffs Berry Mix (Desechable);Elf Bar;Berry Mix;Desechable (30000 puffs);EMON;Vape Desechable;30000;puffs;;$ 6.545,10;$ 7.919,57;$ 11.085,48
1035;EMO-ELF-CHE-30000PUF;Elf Bar 30000 puffs Cherry Ice (Desechable);Elf Bar;Cherry Ice;Desechable (30000 puffs);EMON;Vape Desechable;30000;puffs;;$ 10.922,86;$ 13.216,66;$ 17.867,07
1036;EMO-ELF-LEM-30000PUF;Elf Bar 30000 puffs Lemon Lime (Desechable);Elf Bar;Lemon Lime;Desechable (30000 puffs);EMON;Vape Desechable;30000;puffs;;$ 8.911,98;$ 10.783,50;$ 18.054,05
1037;EMO-ELF-BLU-30000PUF-P2;Elf Bar 30000 puffs Blue Razz Ice Pack x2;Elf Bar;Blue Razz Ice;Pack x2 (Desechable 30000 puffs);EMON;Vape Desechable;30000;puffs;;$ 8.074,47;$ 9.770,11;$ 17.362,95
1038;EMO-ELF-MAN-30000PUF-P5;Elf Bar 30000 puffs Mango Ice Pack x5;Elf Bar;Mango Ice;Pack x5 (Desechable 30000 puffs);EMON;Vape Desechable;30000;puffs;;$ 10.674,89;$ 12.916,62;$ 20.629,85
1039;EMO-ELF-ICE-40000PUF;Elf Bar 40000 puffs Ice Mint (Desechable);Elf Bar;Ice Mint;Desechable (40000 puffs);EMON;Vape Desechable;40000;puffs;;$ 8.665,62;$ 10.485,40;$ 15.003,27
1040;EMO-ELF-COO-40000PUF;Elf Bar 40000 puffs Cool Menthol (Desechable);Elf Bar;Cool Menthol;Desechable (40000 puffs);EMON;Vape Desechable;40000;puffs;;$ 7.274,29;$ 8.801,89;$ 13.250,92
1041;EMO-ELF-BLU-40000PUF;Elf Bar 40000 puffs Blue Razz Ice (Desechable);Elf Bar;Blue Razz Ice;Desechable (40000 puffs);EMON;Vape Desechable;40000;puffs;;$ 8.482,87;$ 10.264,27;$ 16.462,04
1042;EMO-ELF-STR-40000PUF;Elf Bar 40000 puffs Strawberry Kiwi Ice (Desechable);Elf Bar;Strawberry Kiwi Ice;Desechable (40000 puffs);EMON;Vape Desechable;40000;puffs;;$ 12.200,97;$ 14.763,17;$ 24.641,46
1043;EMO-ELF-WAT-40000PUF;Elf Bar 40000 puffs Watermelon Ice (Desechable);Elf Bar;Watermelon Ice;Desechable (40000 puffs);EMON;Vape Desechable;40000;puffs;;$ 7.808,67;$ 9.448,49;$ 13.708,05
1044;EMO-ELF-MAN-40000PUF;Elf Bar 40000 puffs Mango Ice (Desechable);Elf Bar;Mango Ice;Desechable (40000 puffs);EMON;Vape Desechable;40000;puffs;;$ 9.740,04;$ 11.785,45;$ 20.247,31
1045;EMO-ELF-PEA-40000PUF;Elf Bar 40000 puffs Peach Ice (Desechable);Elf Bar;Peach Ice;Desechable (40000 puffs);EMON;Vape Desechable;40000;puffs;;$ 12.608,48;$ 15.256,26;$ 20.686,42
1046;EMO-ELF-GRA-40000PUF;Elf Bar 40000 puffs Grape Ice (Desechable);Elf Bar;Grape Ice;Desechable (40000 puffs);EMON;Vape Desechable;40000;puffs;;$ 8.077,82;$ 9.774,16;$ 16.585,03
1047;EMO-ELF-BAN-40000PUF;Elf Bar 40000 puffs Banana Ice (Desechable);Elf Bar;Banana Ice;Desechable (40000 puffs);EMON;Vape Desechable;40000;puffs;;$ 14.556,41;$ 17.613,26;$ 32.936,44
1048;EMO-ELF-PIN-40000PUF;Elf Bar 40000 puffs Pineapple Ice (Desechable);Elf Bar;Pineapple Ice;Desechable (40000 puffs);EMON;Vape Desechable;40000;puffs;;$ 7.432,28;$ 8.993,06;$ 14.630,91
1049;EMO-ELF-APP-40000PUF;Elf Bar 40000 puffs Apple Ice (Desechable);Elf Bar;Apple Ice;Desechable (40000 puffs);EMON;Vape Desechable;40000;puffs;;$ 13.931,76;$ 16.857,43;$ 28.077,74
1050;EMO-ELF-BER-40000PUF;Elf Bar 40000 puffs Berry Mix (Desechable);Elf Bar;Berry Mix;Desechable (40000 puffs);EMON;Vape Desechable;40000;puffs;;$ 9.270,82;$ 11.217,69;$ 18.557,12
1051;EMO-ELF-CHE-40000PUF;Elf Bar 40000 puffs Cherry Ice (Desechable);Elf Bar;Cherry Ice;Desechable (40000 puffs);EMON;Vape Desechable;40000;puffs;;$ 12.523,80;$ 15.153,80;$ 26.526,44
1052;EMO-ELF-LEM-40000PUF;Elf Bar 40000 puffs Lemon Lime (Desechable);Elf Bar;Lemon Lime;Desechable (40000 puffs);EMON;Vape Desechable;40000;puffs;;$ 9.862,52;$ 11.933,65;$ 17.065,01
1053;EMO-ELF-BLU-40000PUF-P2;Elf Bar 40000 puffs Blue Razz Ice Pack x2;Elf Bar;Blue Razz Ice;Pack x2 (Desechable 40000 puffs);EMON;Vape Desechable;40000;puffs;;$ 3.581,57;$ 4.333,70;$ 6.053,73
1054;EMO-ELF-MAN-40000PUF-P5;Elf Bar 40000 puffs Mango Ice Pack x5;Elf Bar;Mango Ice;Pack x5 (Desechable 40000 puffs);EMON;Vape Desechable;40000;puffs;;$ 9.595,07;$ 11.610,03;$ 20.218,78
1055;EMO-LOS-ICE-10000PUF;Lost Mary 10000 puffs Ice Mint (Desechable);Lost Mary;Ice Mint;Desechable (10000 puffs);EMON;Vape Desechable;10000;puffs;;$ 7.114,27;$ 8.608,27;$ 15.293,66
1056;EMO-LOS-COO-10000PUF;Lost Mary 10000 puffs Cool Menthol (Desechable);Lost Mary;Cool Menthol;Desechable (10000 puffs);EMON;Vape Desechable;10000;puffs;;$ 8.843,02;$ 10.700,05;$ 18.936,10
1057;EMO-LOS-BLU-10000PUF;Lost Mary 10000 puffs Blue Razz Ice (Desechable);Lost Mary;Blue Razz Ice;Desechable (10000 puffs);EMON;Vape Desechable;10000;puffs;;$ 6.056,86;$ 7.328,80;$ 10.742,12
1058;EMO-LOS-STR-10000PUF;Lost Mary 10000 puffs Strawberry Kiwi Ice (Desechable);Lost Mary;Strawberry Kiwi Ice;Desechable (10000 puffs);EMON;Vape Desechable;10000;puffs;;$ 14.736,65;$ 17.831,35;$ 33.488,00
1059;EMO-LOS-WAT-10000PUF;Lost Mary 10000 puffs Watermelon Ice (Desechable);Lost Mary;Watermelon Ice;Desechable (10000 puffs);EMON;Vape Desechable;10000;puffs;;$ 14.804,43;$ 17.913,36;$ 26.082,02
1060;EMO-LOS-MAN-10000PUF;Lost Mary 10000 puffs Mango Ice (Desechable);Lost Mary;Mango Ice;Desechable (10000 puffs);EMON;Vape Desechable;10000;puffs;;$ 7.791,16;$ 9.427,30;$ 14.559,31
1061;EMO-LOS-PEA-10000PUF;Lost Mary 10000 puffs Peach Ice (Desechable);Lost Mary;Peach Ice;Desechable (10000 puffs);EMON;Vape Desechable;10000;puffs;;$ 9.335,39;$ 11.295,82;$ 19.509,33
1062;EMO-LOS-GRA-10000PUF;Lost Mary 10000 puffs Grape Ice (Desechable);Lost Mary;Grape Ice;Desechable (10000 puffs);EMON;Vape Desechable;10000;puffs;;$ 10.651,50;$ 12.888,32;$ 23.614,29
1063;EMO-LOS-BAN-10000PUF;Lost Mary 10000 puffs Banana Ice (Desechable);Lost Mary;Banana Ice;Desechable (10000 puffs);EMON;Vape Desechable;10000;puffs;;$ 8.308,24;$ 10.052,97;$ 16.070,45
1064;EMO-LOS-PIN-10000PUF;Lost Mary 10000 puffs Pineapple Ice (Desechable);Lost Mary;Pineapple Ice;Desechable (10000 puffs);EMON;Vape Desechable;10000;puffs;;$ 4.435,19;$ 5.366,58;$ 8.548,50
1065;EMO-LOS-APP-10000PUF;Lost Mary 10000 puffs Apple Ice (Desechable);Lost Mary;Apple Ice;Desechable (10000 puffs);EMON;Vape Desechable;10000;puffs;;$ 4.427,19;$ 5.356,90;$ 8.579,39
1066;EMO-LOS-BER-10000PUF;Lost Mary 10000 puffs Berry Mix (Desechable);Lost Mary;Berry Mix;Desechable (10000 puffs);EMON;Vape Desechable;10000;puffs;;$ 5.519,49;$ 6.678,58;$ 10.987,69
1067;EMO-LOS-CHE-10000PUF;Lost Mary 10000 puffs Cherry Ice (Desechable);Lost Mary;Cherry Ice;Desechable (10000 puffs);EMON;Vape Desechable;10000;puffs;;$ 13.723,97;$ 16.606,00;$ 24.673,98
1068;EMO-LOS-LEM-10000PUF;Lost Mary 10000 puffs Lemon Lime (Desechable);Lost Mary;Lemon Lime;Desechable (10000 puffs);EMON;Vape Desechable;10000;puffs;;$ 11.168,00;$ 13.513,28;$ 23.319,73
1069;EMO-LOS-BLU-10000PUF-P2;Lost Mary 10000 puffs Blue Razz Ice Pack x2;Lost Mary;Blue Razz Ice;Pack x2 (Desechable 10000 puffs);EMON;Vape Desechable;10000;puffs;;$ 3.091,96;$ 3.741,27;$ 7.021,80
1070;EMO-LOS-MAN-10000PUF-P5;Lost Mary 10000 puffs Mango Ice Pack x5;Lost Mary;Mango Ice;Pack x5 (Desechable 10000 puffs);EMON;Vape Desechable;10000;puffs;;$ 12.023,49;$ 14.548,42;$ 26.470,74
1071;EMO-LOS-ICE-15000PUF;Lost Mary 15000 puffs Ice Mint (Desechable);Lost Mary;Ice Mint;Desechable (15000 puffs);EMON;Vape Desechable;15000;puffs;;$ 13.598,30;$ 16.453,94;$ 26.804,48
1072;EMO-LOS-COO-15000PUF;Lost Mary 15000 puffs Cool Menthol (Desechable);Lost Mary;Cool Menthol;Desechable (15000 puffs);EMON;Vape Desechable;15000;puffs;;$ 9.157,25;$ 11.080,27;$ 19.272,36
1073;EMO-LOS-BLU-15000PUF;Lost Mary 15000 puffs Blue Razz Ice (Desechable);Lost Mary;Blue Razz Ice;Desechable (15000 puffs);EMON;Vape Desechable;15000;puffs;;$ 4.940,41;$ 5.977,90;$ 10.798,22
1074;EMO-LOS-STR-15000PUF;Lost Mary 15000 puffs Strawberry Kiwi Ice (Desechable);Lost Mary;Strawberry Kiwi Ice;Desechable (15000 puffs);EMON;Vape Desechable;15000;puffs;;$ 3.596,96;$ 4.352,32;$ 6.438,49
1075;EMO-LOS-WAT-15000PUF;Lost Mary 15000 puffs Watermelon Ice (Desechable);Lost Mary;Watermelon Ice;Desechable (15000 puffs);EMON;Vape Desechable;15000;puffs;;$ 14.961,35;$ 18.103,23;$ 30.461,63
1076;EMO-LOS-MAN-15000PUF;Lost Mary 15000 puffs Mango Ice (Desechable);Lost Mary;Mango Ice;Desechable (15000 puffs);EMON;Vape Desechable;15000;puffs;;$ 5.525,31;$ 6.685,63;$ 12.475,05
1077;EMO-LOS-PEA-15000PUF;Lost Mary 15000 puffs Peach Ice (Desechable);Lost Mary;Peach Ice;Desechable (15000 puffs);EMON;Vape Desechable;15000;puffs;;$ 12.321,21;$ 14.908,66;$ 22.296,11
1078;EMO-LOS-GRA-15000PUF;Lost Mary 15000 puffs Grape Ice (Desechable);Lost Mary;Grape Ice;Desechable (15000 puffs);EMON;Vape Desechable;15000;puffs;;$ 11.613,41;$ 14.052,23;$ 24.266,13
1079;EMO-LOS-BAN-15000PUF;Lost Mary 15000 puffs Banana Ice (Desechable);Lost Mary;Banana Ice;Desechable (15000 puffs);EMON;Vape Desechable;15000;puffs;;$ 14.983,76;$ 18.130,35;$ 33.338,38
1080;EMO-LOS-PIN-15000PUF;Lost Mary 15000 puffs Pineapple Ice (Desechable);Lost Mary;Pineapple Ice;Desechable (15000 puffs);EMON;Vape Desechable;15000;puffs;;$ 12.933,23;$ 15.649,21;$ 25.279,13
1081;EMO-LOS-APP-15000PUF;Lost Mary 15000 puffs Apple Ice (Desechable);Lost Mary;Apple Ice;Desechable (15000 puffs);EMON;Vape Desechable;15000;puffs;;$ 5.802,51;$ 7.021,04;$ 12.192,00
1082;EMO-LOS-BER-15000PUF;Lost Mary 15000 puffs Berry Mix (Desechable);Lost Mary;Berry Mix;Desechable (15000 puffs);EMON;Vape Desechable;15000;puffs;;$ 5.009,41;$ 6.061,39;$ 9.820,76
1083;EMO-LOS-CHE-15000PUF;Lost Mary 15000 puffs Cherry Ice (Desechable);Lost Mary;Cherry Ice;Desechable (15000 puffs);EMON;Vape Desechable;15000;puffs;;$ 10.641,47;$ 12.876,18;$ 18.071,93
1084;EMO-LOS-LEM-15000PUF;Lost Mary 15000 puffs Lemon Lime (Desechable);Lost Mary;Lemon Lime;Desechable (15000 puffs);EMON;Vape Desechable;15000;puffs;;$ 4.697,00;$ 5.683,37;$ 10.274,87
1085;EMO-LOS-BLU-15000PUF-P2;Lost Mary 15000 puffs Blue Razz Ice Pack x2;Lost Mary;Blue Razz Ice;Pack x2 (Desechable 15000 puffs);EMON;Vape Desechable;15000;puffs;;$ 13.636,41;$ 16.500,06;$ 24.455,13
1086;EMO-LOS-MAN-15000PUF-P5;Lost Mary 15000 puffs Mango Ice Pack x5;Lost Mary;Mango Ice;Pack x5 (Desechable 15000 puffs);EMON;Vape Desechable;15000;puffs;;$ 12.598,40;$ 15.244,06;$ 23.474,98
1087;EMO-LOS-ICE-20000PUF;Lost Mary 20000 puffs Ice Mint (Desechable);Lost Mary;Ice Mint;Desechable (20000 puffs);EMON;Vape Desechable;20000;puffs;;$ 3.483,69;$ 4.215,26;$ 7.248,01
1088;EMO-LOS-COO-20000PUF;Lost Mary 20000 puffs Cool Menthol (Desechable);Lost Mary;Cool Menthol;Desechable (20000 puffs);EMON;Vape Desechable;20000;puffs;;$ 9.679,33;$ 11.711,99;$ 18.682,98
1089;EMO-LOS-BLU-20000PUF;Lost Mary 20000 puffs Blue Razz Ice (Desechable);Lost Mary;Blue Razz Ice;Desechable (20000 puffs);EMON;Vape Desechable;20000;puffs;;$ 9.863,97;$ 11.935,40;$ 18.968,20
1090;EMO-LOS-STR-20000PUF;Lost Mary 20000 puffs Strawberry Kiwi Ice (Desechable);Lost Mary;Strawberry Kiwi Ice;Desechable (20000 puffs);EMON;Vape Desechable;20000;puffs;;$ 7.758,59;$ 9.387,89;$ 14.194,21
1091;EMO-LOS-WAT-20000PUF;Lost Mary 20000 puffs Watermelon Ice (Desechable);Lost Mary;Watermelon Ice;Desechable (20000 puffs);EMON;Vape Desechable;20000;puffs;;$ 8.104,43;$ 9.806,36;$ 14.529,86
1092;EMO-LOS-MAN-20000PUF;Lost Mary 20000 puffs Mango Ice (Desechable);Lost Mary;Mango Ice;Desechable (20000 puffs);EMON;Vape Desechable;20000;puffs;;$ 11.717,28;$ 14.177,91;$ 22.019,83
1093;EMO-LOS-PEA-20000PUF;Lost Mary 20000 puffs Peach Ice (Desechable);Lost Mary;Peach Ice;Desechable (20000 puffs);EMON;Vape Desechable;20000;puffs;;$ 9.490,16;$ 11.483,09;$ 19.704,68
1094;EMO-LOS-GRA-20000PUF;Lost Mary 20000 puffs Grape Ice (Desechable);Lost Mary;Grape Ice;Desechable (20000 puffs);EMON;Vape Desechable;20000;puffs;;$ 6.960,63;$ 8.422,36;$ 12.312,30
1095;EMO-LOS-BAN-20000PUF;Lost Mary 20000 puffs Banana Ice (Desechable);Lost Mary;Banana Ice;Desechable (20000 puffs);EMON;Vape Desechable;20000;puffs;;$ 12.713,12;$ 15.382,88;$ 23.992,58
1096;EMO-LOS-PIN-20000PUF;Lost Mary 20000 puffs Pineapple Ice (Desechable);Lost Mary;Pineapple Ice;Desechable (20000 puffs);EMON;Vape Desechable;20000;puffs;;$ 9.884,80;$ 11.960,61;$ 18.261,49
1097;EMO-LOS-APP-20000PUF;Lost Mary 20000 puffs Apple Ice (Desechable);Lost Mary;Apple Ice;Desechable (20000 puffs);EMON;Vape Desechable;20000;puffs;;$ 7.730,12;$ 9.353,45;$ 14.420,85
1098;EMO-LOS-BER-20000PUF;Lost Mary 20000 puffs Berry Mix (Desechable);Lost Mary;Berry Mix;Desechable (20000 puffs);EMON;Vape Desechable;20000;puffs;;$ 9.724,13;$ 11.766,20;$ 19.138,83
1099;EMO-LOS-CHE-20000PUF;Lost Mary 20000 puffs Cherry Ice (Desechable);Lost Mary;Cherry Ice;Desechable (20000 puffs);EMON;Vape Desechable;20000;puffs;;$ 14.310,34;$ 17.315,51;$ 31.640,37
1100;EMO-LOS-LEM-20000PUF;Lost Mary 20000 puffs Lemon Lime (Desechable);Lost Mary;Lemon Lime;Desechable (20000 puffs);EMON;Vape Desechable;20000;puffs;;$ 4.637,49;$ 5.611,36;$ 10.605,47
1101;EMO-LOS-BLU-20000PUF-P2;Lost Mary 20000 puffs Blue Razz Ice Pack x2;Lost Mary;Blue Razz Ice;Pack x2 (Desechable 20000 puffs);EMON;Vape Desechable;20000;puffs;;$ 4.151,50;$ 5.023,31;$ 9.089,62
1102;EMO-LOS-MAN-20000PUF-P5;Lost Mary 20000 puffs Mango Ice Pack x5;Lost Mary;Mango Ice;Pack x5 (Desechable 20000 puffs);EMON;Vape Desechable;20000;puffs;;$ 12.746,96;$ 15.423,82;$ 27.879,46
1103;EMO-IGN-ICE-15000PUF;Ignite 15000 puffs Ice Mint (Desechable);Ignite;Ice Mint;Desechable (15000 puffs);EMON;Vape Desechable;15000;puffs;;$ 10.192,42;$ 12.332,83;$ 20.706,51
1104;EMO-IGN-COO-15000PUF;Ignite 15000 puffs Cool Menthol (Desechable);Ignite;Cool Menthol;Desechable (15000 puffs);EMON;Vape Desechable;15000;puffs;;$ 12.596,21;$ 15.241,41;$ 27.616,59
1105;EMO-IGN-BLU-15000PUF;Ignite 15000 puffs Blue Razz Ice (Desechable);Ignite;Blue Razz Ice;Desechable (15000 puffs);EMON;Vape Desechable;15000;puffs;;$ 10.348,92;$ 12.522,19;$ 22.138,07
1106;EMO-IGN-STR-15000PUF;Ignite 15000 puffs Strawberry Kiwi Ice (Desechable);Ignite;Strawberry Kiwi Ice;Desechable (15000 puffs);EMON;Vape Desechable;15000;puffs;;$ 13.454,21;$ 16.279,59;$ 27.383,69
1107;EMO-IGN-WAT-15000PUF;Ignite 15000 puffs Watermelon Ice (Desechable);Ignite;Watermelon Ice;Desechable (15000 puffs);EMON;Vape Desechable;15000;puffs;;$ 11.495,18;$ 13.909,17;$ 22.484,41
1108;EMO-IGN-MAN-15000PUF;Ignite 15000 puffs Mango Ice (Desechable);Ignite;Mango Ice;Desechable (15000 puffs);EMON;Vape Desechable;15000;puffs;;$ 8.793,26;$ 10.639,84;$ 15.649,00
1109;EMO-IGN-PEA-15000PUF;Ignite 15000 puffs Peach Ice (Desechable);Ignite;Peach Ice;Desechable (15000 puffs);EMON;Vape Desechable;15000;puffs;;$ 11.003,53;$ 13.314,27;$ 23.927,38
1110;EMO-IGN-GRA-15000PUF;Ignite 15000 puffs Grape Ice (Desechable);Ignite;Grape Ice;Desechable (15000 puffs);EMON;Vape Desechable;15000;puffs;;$ 3.592,28;$ 4.346,66;$ 6.246,90
1111;EMO-IGN-BAN-15000PUF;Ignite 15000 puffs Banana Ice (Desechable);Ignite;Banana Ice;Desechable (15000 puffs);EMON;Vape Desechable;15000;puffs;;$ 6.440,12;$ 7.792,55;$ 11.845,94
1112;EMO-IGN-PIN-15000PUF;Ignite 15000 puffs Pineapple Ice (Desechable);Ignite;Pineapple Ice;Desechable (15000 puffs);EMON;Vape Desechable;15000;puffs;;$ 9.752,02;$ 11.799,94;$ 17.014,95
1113;EMO-IGN-APP-15000PUF;Ignite 15000 puffs Apple Ice (Desechable);Ignite;Apple Ice;Desechable (15000 puffs);EMON;Vape Desechable;15000;puffs;;$ 3.642,80;$ 4.407,79;$ 7.067,32
1114;EMO-IGN-BER-15000PUF;Ignite 15000 puffs Berry Mix (Desechable);Ignite;Berry Mix;Desechable (15000 puffs);EMON;Vape Desechable;15000;puffs;;$ 7.655,04;$ 9.262,60;$ 15.973,02
1115;EMO-IGN-CHE-15000PUF;Ignite 15000 puffs Cherry Ice (Desechable);Ignite;Cherry Ice;Desechable (15000 puffs);EMON;Vape Desechable;15000;puffs;;$ 5.251,16;$ 6.353,90;$ 9.376,90
1116;EMO-IGN-LEM-15000PUF;Ignite 15000 puffs Lemon Lime (Desechable);Ignite;Lemon Lime;Desechable (15000 puffs);EMON;Vape Desechable;15000;puffs;;$ 10.031,72;$ 12.138,38;$ 21.903,61
1117;EMO-IGN-BLU-15000PUF-P2;Ignite 15000 puffs Blue Razz Ice Pack x2;Ignite;Blue Razz Ice;Pack x2 (Desechable 15000 puffs);EMON;Vape Desechable;15000;puffs;;$ 13.980,36;$ 16.916,24;$ 27.646,02
1118;EMO-IGN-MAN-15000PUF-P5;Ignite 15000 puffs Mango Ice Pack x5;Ignite;Mango Ice;Pack x5 (Desechable 15000 puffs);EMON;Vape Desechable;15000;puffs;;$ 8.107,15;$ 9.809,65;$ 13.729,92
1119;EMO-IGN-ICE-25000PUF;Ignite 25000 puffs Ice Mint (Desechable);Ignite;Ice Mint;Desechable (25000 puffs);EMON;Vape Desechable;25000;puffs;;$ 14.004,72;$ 16.945,71;$ 30.659,12
1120;EMO-IGN-COO-25000PUF;Ignite 25000 puffs Cool Menthol (Desechable);Ignite;Cool Menthol;Desechable (25000 puffs);EMON;Vape Desechable;25000;puffs;;$ 4.261,54;$ 5.156,46;$ 8.381,04
1121;EMO-IGN-BLU-25000PUF;Ignite 25000 puffs Blue Razz Ice (Desechable);Ignite;Blue Razz Ice;Desechable (25000 puffs);EMON;Vape Desechable;25000;puffs;;$ 4.664,17;$ 5.643,65;$ 9.967,84
1122;EMO-IGN-STR-25000PUF;Ignite 25000 puffs Strawberry Kiwi Ice (Desechable);Ignite;Strawberry Kiwi Ice;Desechable (25000 puffs);EMON;Vape Desechable;25000;puffs;;$ 14.002,37;$ 16.942,87;$ 23.874,46
1123;EMO-IGN-WAT-25000PUF;Ignite 25000 puffs Watermelon Ice (Desechable);Ignite;Watermelon Ice;Desechable (25000 puffs);EMON;Vape Desechable;25000;puffs;;$ 9.947,93;$ 12.037,00;$ 21.244,97
1124;EMO-IGN-MAN-25000PUF;Ignite 25000 puffs Mango Ice (Desechable);Ignite;Mango Ice;Desechable (25000 puffs);EMON;Vape Desechable;25000;puffs;;$ 7.227,06;$ 8.744,74;$ 15.215,76
1125;EMO-IGN-PEA-25000PUF;Ignite 25000 puffs Peach Ice (Desechable);Ignite;Peach Ice;Desechable (25000 puffs);EMON;Vape Desechable;25000;puffs;;$ 10.255,48;$ 12.409,13;$ 20.976,47
1126;EMO-IGN-GRA-25000PUF;Ignite 25000 puffs Grape Ice (Desechable);Ignite;Grape Ice;Desechable (25000 puffs);EMON;Vape Desechable;25000;puffs;;$ 12.019,26;$ 14.543,30;$ 21.290,25
1127;EMO-IGN-BAN-25000PUF;Ignite 25000 puffs Banana Ice (Desechable);Ignite;Banana Ice;Desechable (25000 puffs);EMON;Vape Desechable;25000;puffs;;$ 6.803,50;$ 8.232,24;$ 13.200,30
1128;EMO-IGN-PIN-25000PUF;Ignite 25000 puffs Pineapple Ice (Desechable);Ignite;Pineapple Ice;Desechable (25000 puffs);EMON;Vape Desechable;25000;puffs;;$ 13.702,02;$ 16.579,44;$ 27.853,42
1129;EMO-IGN-APP-25000PUF;Ignite 25000 puffs Apple Ice (Desechable);Ignite;Apple Ice;Desechable (25000 puffs);EMON;Vape Desechable;25000;puffs;;$ 3.691,88;$ 4.467,17;$ 6.814,62
1130;EMO-IGN-BER-25000PUF;Ignite 25000 puffs Berry Mix (Desechable);Ignite;Berry Mix;Desechable (25000 puffs);EMON;Vape Desechable;25000;puffs;;$ 8.821,97;$ 10.674,58;$ 16.279,45
1131;EMO-IGN-CHE-25000PUF;Ignite 25000 puffs Cherry Ice (Desechable);Ignite;Cherry Ice;Desechable (25000 puffs);EMON;Vape Desechable;25000;puffs;;$ 7.056,41;$ 8.538,26;$ 13.116,71
1132;EMO-IGN-LEM-25000PUF;Ignite 25000 puffs Lemon Lime (Desechable);Ignite;Lemon Lime;Desechable (25000 puffs);EMON;Vape Desechable;25000;puffs;;$ 6.623,74;$ 8.014,73;$ 11.112,37
1133;EMO-IGN-BLU-25000PUF-P2;Ignite 25000 puffs Blue Razz Ice Pack x2;Ignite;Blue Razz Ice;Pack x2 (Desechable 25000 puffs);EMON;Vape Desechable;25000;puffs;;$ 8.684,71;$ 10.508,50;$ 16.757,77
1134;EMO-IGN-MAN-25000PUF-P5;Ignite 25000 puffs Mango Ice Pack x5;Ignite;Mango Ice;Pack x5 (Desechable 25000 puffs);EMON;Vape Desechable;25000;puffs;;$ 8.580,35;$ 10.382,22;$ 18.372,21
1135;EMO-IGN-ICE-30000PUF;Ignite 30000 puffs Ice Mint (Desechable);Ignite;Ice Mint;Desechable (30000 puffs);EMON;Vape Desechable;30000;puffs;;$ 10.499,61;$ 12.704,53;$ 19.380,96
1136;EMO-IGN-COO-30000PUF;Ignite 30000 puffs Cool Menthol (Desechable);Ignite;Cool Menthol;Desechable (30000 puffs);EMON;Vape Desechable;30000;puffs;;$ 8.210,07;$ 9.934,18;$ 17.917,24
1137;EMO-IGN-BLU-30000PUF;Ignite 30000 puffs Blue Razz Ice (Desechable);Ignite;Blue Razz Ice;Desechable (30000 puffs);EMON;Vape Desechable;30000;puffs;;$ 8.052,99;$ 9.744,12;$ 17.552,05
1138;EMO-IGN-STR-30000PUF;Ignite 30000 puffs Strawberry Kiwi Ice (Desechable);Ignite;Strawberry Kiwi Ice;Desechable (30000 puffs);EMON;Vape Desechable;30000;puffs;;$ 9.019,22;$ 10.913,26;$ 18.264,46
1139;EMO-IGN-WAT-30000PUF;Ignite 30000 puffs Watermelon Ice (Desechable);Ignite;Watermelon Ice;Desechable (30000 puffs);EMON;Vape Desechable;30000;puffs;;$ 8.815,78;$ 10.667,09;$ 16.945,65
1140;EMO-IGN-MAN-30000PUF;Ignite 30000 puffs Mango Ice (Desechable);Ignite;Mango Ice;Desechable (30000 puffs);EMON;Vape Desechable;30000;puffs;;$ 9.643,73;$ 11.668,91;$ 16.088,94
1141;EMO-IGN-PEA-30000PUF;Ignite 30000 puffs Peach Ice (Desechable);Ignite;Peach Ice;Desechable (30000 puffs);EMON;Vape Desechable;30000;puffs;;$ 12.372,12;$ 14.970,27;$ 23.660,83
1142;EMO-IGN-GRA-30000PUF;Ignite 30000 puffs Grape Ice (Desechable);Ignite;Grape Ice;Desechable (30000 puffs);EMON;Vape Desechable;30000;puffs;;$ 11.488,13;$ 13.900,64;$ 23.682,17
1143;EMO-IGN-BAN-30000PUF;Ignite 30000 puffs Banana Ice (Desechable);Ignite;Banana Ice;Desechable (30000 puffs);EMON;Vape Desechable;30000;puffs;;$ 6.023,12;$ 7.287,98;$ 13.729,57
1144;EMO-IGN-PIN-30000PUF;Ignite 30000 puffs Pineapple Ice (Desechable);Ignite;Pineapple Ice;Desechable (30000 puffs);EMON;Vape Desechable;30000;puffs;;$ 14.071,34;$ 17.026,32;$ 23.667,90
1145;EMO-IGN-APP-30000PUF;Ignite 30000 puffs Apple Ice (Desechable);Ignite;Apple Ice;Desechable (30000 puffs);EMON;Vape Desechable;30000;puffs;;$ 9.635,73;$ 11.659,23;$ 21.798,57
1146;EMO-IGN-BER-30000PUF;Ignite 30000 puffs Berry Mix (Desechable);Ignite;Berry Mix;Desechable (30000 puffs);EMON;Vape Desechable;30000;puffs;;$ 9.005,39;$ 10.896,52;$ 20.437,61
1147;EMO-IGN-CHE-30000PUF;Ignite 30000 puffs Cherry Ice (Desechable);Ignite;Cherry Ice;Desechable (30000 puffs);EMON;Vape Desechable;30000;puffs;;$ 8.048,17;$ 9.738,29;$ 17.066,02
1148;EMO-IGN-LEM-30000PUF;Ignite 30000 puffs Lemon Lime (Desechable);Ignite;Lemon Lime;Desechable (30000 puffs);EMON;Vape Desechable;30000;puffs;;$ 12.706,89;$ 15.375,34;$ 21.196,35
1149;EMO-IGN-BLU-30000PUF-P2;Ignite 30000 puffs Blue Razz Ice Pack x2;Ignite;Blue Razz Ice;Pack x2 (Desechable 30000 puffs);EMON;Vape Desechable;30000;puffs;;$ 13.596,09;$ 16.451,27;$ 22.391,09
1150;EMO-IGN-MAN-30000PUF-P5;Ignite 30000 puffs Mango Ice Pack x5;Ignite;Mango Ice;Pack x5 (Desechable 30000 puffs);EMON;Vape Desechable;30000;puffs;;$ 9.675,42;$ 11.707,26;$ 16.327,27
1151;EMO-IGN-ICE-40000PUF;Ignite 40000 puffs Ice Mint (Desechable);Ignite;Ice Mint;Desechable (40000 puffs);EMON;Vape Desechable;40000;puffs;;$ 3.337,62;$ 4.038,52;$ 5.842,86
1152;EMO-IGN-COO-40000PUF;Ignite 40000 puffs Cool Menthol (Desechable);Ignite;Cool Menthol;Desechable (40000 puffs);EMON;Vape Desechable;40000;puffs;;$ 14.822,87;$ 17.935,67;$ 31.628,75
1153;EMO-IGN-BLU-40000PUF;Ignite 40000 puffs Blue Razz Ice (Desechable);Ignite;Blue Razz Ice;Desechable (40000 puffs);EMON;Vape Desechable;40000;puffs;;$ 9.455,26;$ 11.440,86;$ 21.144,52
1154;EMO-IGN-STR-40000PUF;Ignite 40000 puffs Strawberry Kiwi Ice (Desechable);Ignite;Strawberry Kiwi Ice;Desechable (40000 puffs);EMON;Vape Desechable;40000;puffs;;$ 14.919,10;$ 18.052,11;$ 29.144,71
1155;EMO-IGN-WAT-40000PUF;Ignite 40000 puffs Watermelon Ice (Desechable);Ignite;Watermelon Ice;Desechable (40000 puffs);EMON;Vape Desechable;40000;puffs;;$ 2.906,38;$ 3.516,72;$ 6.641,80
1156;EMO-IGN-MAN-40000PUF;Ignite 40000 puffs Mango Ice (Desechable);Ignite;Mango Ice;Desechable (40000 puffs);EMON;Vape Desechable;40000;puffs;;$ 4.635,85;$ 5.609,38;$ 10.468,67
1157;EMO-IGN-PEA-40000PUF;Ignite 40000 puffs Peach Ice (Desechable);Ignite;Peach Ice;Desechable (40000 puffs);EMON;Vape Desechable;40000;puffs;;$ 9.926,14;$ 12.010,63;$ 16.548,26
1158;EMO-IGN-GRA-40000PUF;Ignite 40000 puffs Grape Ice (Desechable);Ignite;Grape Ice;Desechable (40000 puffs);EMON;Vape Desechable;40000;puffs;;$ 12.128,29;$ 14.675,23;$ 21.581,64
1159;EMO-IGN-BAN-40000PUF;Ignite 40000 puffs Banana Ice (Desechable);Ignite;Banana Ice;Desechable (40000 puffs);EMON;Vape Desechable;40000;puffs;;$ 14.604,10;$ 17.670,96;$ 27.764,08
1160;EMO-IGN-PIN-40000PUF;Ignite 40000 puffs Pineapple Ice (Desechable);Ignite;Pineapple Ice;Desechable (40000 puffs);EMON;Vape Desechable;40000;puffs;;$ 13.897,25;$ 16.815,67;$ 30.875,50
1161;EMO-IGN-APP-40000PUF;Ignite 40000 puffs Apple Ice (Desechable);Ignite;Apple Ice;Desechable (40000 puffs);EMON;Vape Desechable;40000;puffs;;$ 12.028,24;$ 14.554,17;$ 24.069,86
1162;EMO-IGN-BER-40000PUF;Ignite 40000 puffs Berry Mix (Desechable);Ignite;Berry Mix;Desechable (40000 puffs);EMON;Vape Desechable;40000;puffs;;$ 4.611,87;$ 5.580,36;$ 7.767,29
1163;EMO-IGN-CHE-40000PUF;Ignite 40000 puffs Cherry Ice (Desechable);Ignite;Cherry Ice;Desechable (40000 puffs);EMON;Vape Desechable;40000;puffs;;$ 14.717,47;$ 17.808,14;$ 27.088,27
1164;EMO-IGN-LEM-40000PUF;Ignite 40000 puffs Lemon Lime (Desechable);Ignite;Lemon Lime;Desechable (40000 puffs);EMON;Vape Desechable;40000;puffs;;$ 11.640,91;$ 14.085,50;$ 23.931,16
1165;EMO-IGN-BLU-40000PUF-P2;Ignite 40000 puffs Blue Razz Ice Pack x2;Ignite;Blue Razz Ice;Pack x2 (Desechable 40000 puffs);EMON;Vape Desechable;40000;puffs;;$ 3.179,70;$ 3.847,44;$ 6.023,89
1166;EMO-IGN-MAN-40000PUF-P5;Ignite 40000 puffs Mango Ice Pack x5;Ignite;Mango Ice;Pack x5 (Desechable 40000 puffs);EMON;Vape Desechable;40000;puffs;;$ 12.007,46;$ 14.529,03;$ 25.754,25
1167;EMO-GEE-ICE-10000PUF;Geek Bar 10000 puffs Ice Mint (Desechable);Geek Bar;Ice Mint;Desechable (10000 puffs);EMON;Vape Desechable;10000;puffs;;$ 5.579,78;$ 6.751,53;$ 9.507,90
1168;EMO-GEE-COO-10000PUF;Geek Bar 10000 puffs Cool Menthol (Desechable);Geek Bar;Cool Menthol;Desechable (10000 puffs);EMON;Vape Desechable;10000;puffs;;$ 5.204,89;$ 6.297,92;$ 9.998,46
1169;EMO-GEE-BLU-10000PUF;Geek Bar 10000 puffs Blue Razz Ice (Desechable);Geek Bar;Blue Razz Ice;Desechable (10000 puffs);EMON;Vape Desechable;10000;puffs;;$ 5.277,21;$ 6.385,42;$ 11.270,45
1170;EMO-GEE-STR-10000PUF;Geek Bar 10000 puffs Strawberry Kiwi Ice (Desechable);Geek Bar;Strawberry Kiwi Ice;Desechable (10000 puffs);EMON;Vape Desechable;10000;puffs;;$ 10.019,70;$ 12.123,84;$ 22.575,40
1171;EMO-GEE-WAT-10000PUF;Geek Bar 10000 puffs Watermelon Ice (Desechable);Geek Bar;Watermelon Ice;Desechable (10000 puffs);EMON;Vape Desechable;10000;puffs;;$ 8.382,46;$ 10.142,78;$ 14.970,17
1172;EMO-GEE-MAN-10000PUF;Geek Bar 10000 puffs Mango Ice (Desechable);Geek Bar;Mango Ice;Desechable (10000 puffs);EMON;Vape Desechable;10000;puffs;;$ 7.210,49;$ 8.724,69;$ 15.811,51
1173;EMO-GEE-PEA-10000PUF;Geek Bar 10000 puffs Peach Ice (Desechable);Geek Bar;Peach Ice;Desechable (10000 puffs);EMON;Vape Desechable;10000;puffs;;$ 8.286,99;$ 10.027,26;$ 16.284,69
1174;EMO-GEE-GRA-10000PUF;Geek Bar 10000 puffs Grape Ice (Desechable);Geek Bar;Grape Ice;Desechable (10000 puffs);EMON;Vape Desechable;10000;puffs;;$ 8.175,39;$ 9.892,22;$ 13.380,63
1175;EMO-GEE-BAN-10000PUF;Geek Bar 10000 puffs Banana Ice (Desechable);Geek Bar;Banana Ice;Desechable (10000 puffs);EMON;Vape Desechable;10000;puffs;;$ 2.794,46;$ 3.381,30;$ 5.088,35
1176;EMO-GEE-PIN-10000PUF;Geek Bar 10000 puffs Pineapple Ice (Desechable);Geek Bar;Pineapple Ice;Desechable (10000 puffs);EMON;Vape Desechable;10000;puffs;;$ 4.465,17;$ 5.402,86;$ 10.002,05
1177;EMO-GEE-APP-10000PUF;Geek Bar 10000 puffs Apple Ice (Desechable);Geek Bar;Apple Ice;Desechable (10000 puffs);EMON;Vape Desechable;10000;puffs;;$ 6.267,73;$ 7.583,95;$ 13.820,42
1178;EMO-GEE-BER-10000PUF;Geek Bar 10000 puffs Berry Mix (Desechable);Geek Bar;Berry Mix;Desechable (10000 puffs);EMON;Vape Desechable;10000;puffs;;$ 14.510,32;$ 17.557,49;$ 31.132,87
1179;EMO-GEE-CHE-10000PUF;Geek Bar 10000 puffs Cherry Ice (Desechable);Geek Bar;Cherry Ice;Desechable (10000 puffs);EMON;Vape Desechable;10000;puffs;;$ 11.467,31;$ 13.875,45;$ 21.013,04
1180;EMO-GEE-LEM-10000PUF;Geek Bar 10000 puffs Lemon Lime (Desechable);Geek Bar;Lemon Lime;Desechable (10000 puffs);EMON;Vape Desechable;10000;puffs;;$ 13.144,93;$ 15.905,37;$ 29.540,40
1181;EMO-GEE-BLU-10000PUF-P2;Geek Bar 10000 puffs Blue Razz Ice Pack x2;Geek Bar;Blue Razz Ice;Pack x2 (Desechable 10000 puffs);EMON;Vape Desechable;10000;puffs;;$ 13.117,08;$ 15.871,67;$ 21.444,06
1182;EMO-GEE-MAN-10000PUF-P5;Geek Bar 10000 puffs Mango Ice Pack x5;Geek Bar;Mango Ice;Pack x5 (Desechable 10000 puffs);EMON;Vape Desechable;10000;puffs;;$ 3.651,75;$ 4.418,62;$ 7.829,16
1183;EMO-GEE-ICE-15000PUF;Geek Bar 15000 puffs Ice Mint (Desechable);Geek Bar;Ice Mint;Desechable (15000 puffs);EMON;Vape Desechable;15000;puffs;;$ 5.037,92;$ 6.095,88;$ 8.737,49
1184;EMO-GEE-COO-15000PUF;Geek Bar 15000 puffs Cool Menthol (Desechable);Geek Bar;Cool Menthol;Desechable (15000 puffs);EMON;Vape Desechable;15000;puffs;;$ 14.198,25;$ 17.179,88;$ 23.883,72
1185;EMO-GEE-BLU-15000PUF;Geek Bar 15000 puffs Blue Razz Ice (Desechable);Geek Bar;Blue Razz Ice;Desechable (15000 puffs);EMON;Vape Desechable;15000;puffs;;$ 10.118,26;$ 12.243,09;$ 16.656,23
1186;EMO-GEE-STR-15000PUF;Geek Bar 15000 puffs Strawberry Kiwi Ice (Desechable);Geek Bar;Strawberry Kiwi Ice;Desechable (15000 puffs);EMON;Vape Desechable;15000;puffs;;$ 13.743,08;$ 16.629,13;$ 24.113,24
1187;EMO-GEE-WAT-15000PUF;Geek Bar 15000 puffs Watermelon Ice (Desechable);Geek Bar;Watermelon Ice;Desechable (15000 puffs);EMON;Vape Desechable;15000;puffs;;$ 7.969,29;$ 9.642,84;$ 15.013,77
1188;EMO-GEE-MAN-15000PUF;Geek Bar 15000 puffs Mango Ice (Desechable);Geek Bar;Mango Ice;Desechable (15000 puffs);EMON;Vape Desechable;15000;puffs;;$ 11.790,08;$ 14.266,00;$ 23.728,52
1189;EMO-GEE-PEA-15000PUF;Geek Bar 15000 puffs Peach Ice (Desechable);Geek Bar;Peach Ice;Desechable (15000 puffs);EMON;Vape Desechable;15000;puffs;;$ 8.894,65;$ 10.762,53;$ 14.719,53
1190;EMO-GEE-GRA-15000PUF;Geek Bar 15000 puffs Grape Ice (Desechable);Geek Bar;Grape Ice;Desechable (15000 puffs);EMON;Vape Desechable;15000;puffs;;$ 3.326,84;$ 4.025,48;$ 5.483,33
1191;EMO-GEE-BAN-15000PUF;Geek Bar 15000 puffs Banana Ice (Desechable);Geek Bar;Banana Ice;Desechable (15000 puffs);EMON;Vape Desechable;15000;puffs;;$ 7.056,11;$ 8.537,89;$ 16.194,64
1192;EMO-GEE-PIN-15000PUF;Geek Bar 15000 puffs Pineapple Ice (Desechable);Geek Bar;Pineapple Ice;Desechable (15000 puffs);EMON;Vape Desechable;15000;puffs;;$ 10.131,77;$ 12.259,44;$ 19.406,80
1193;EMO-GEE-APP-15000PUF;Geek Bar 15000 puffs Apple Ice (Desechable);Geek Bar;Apple Ice;Desechable (15000 puffs);EMON;Vape Desechable;15000;puffs;;$ 9.158,71;$ 11.082,04;$ 20.921,25
1194;EMO-GEE-BER-15000PUF;Geek Bar 15000 puffs Berry Mix (Desechable);Geek Bar;Berry Mix;Desechable (15000 puffs);EMON;Vape Desechable;15000;puffs;;$ 12.259,34;$ 14.833,80;$ 21.188,09
1195;EMO-GEE-CHE-15000PUF;Geek Bar 15000 puffs Cherry Ice (Desechable);Geek Bar;Cherry Ice;Desechable (15000 puffs);EMON;Vape Desechable;15000;puffs;;$ 8.278,67;$ 10.017,19;$ 18.828,61
1196;EMO-GEE-LEM-15000PUF;Geek Bar 15000 puffs Lemon Lime (Desechable);Geek Bar;Lemon Lime;Desechable (15000 puffs);EMON;Vape Desechable;15000;puffs;;$ 3.317,86;$ 4.014,61;$ 5.992,10
1197;EMO-GEE-BLU-15000PUF-P2;Geek Bar 15000 puffs Blue Razz Ice Pack x2;Geek Bar;Blue Razz Ice;Pack x2 (Desechable 15000 puffs);EMON;Vape Desechable;15000;puffs;;$ 4.430,95;$ 5.361,45;$ 7.584,99
1198;EMO-GEE-MAN-15000PUF-P5;Geek Bar 15000 puffs Mango Ice Pack x5;Geek Bar;Mango Ice;Pack x5 (Desechable 15000 puffs);EMON;Vape Desechable;15000;puffs;;$ 3.754,86;$ 4.543,38;$ 7.583,19
1199;EMO-GEE-ICE-25000PUF;Geek Bar 25000 puffs Ice Mint (Desechable);Geek Bar;Ice Mint;Desechable (25000 puffs);EMON;Vape Desechable;25000;puffs;;$ 2.773,04;$ 3.355,38;$ 5.527,00
1200;EMO-GEE-COO-25000PUF;Geek Bar 25000 puffs Cool Menthol (Desechable);Geek Bar;Cool Menthol;Desechable (25000 puffs);EMON;Vape Desechable;25000;puffs;;$ 5.538,77;$ 6.701,91;$ 9.448,51
1201;EMO-GEE-BLU-25000PUF;Geek Bar 25000 puffs Blue Razz Ice (Desechable);Geek Bar;Blue Razz Ice;Desechable (25000 puffs);EMON;Vape Desechable;25000;puffs;;$ 4.307,29;$ 5.211,82;$ 9.461,08
1202;EMO-GEE-STR-25000PUF;Geek Bar 25000 puffs Strawberry Kiwi Ice (Desechable);Geek Bar;Strawberry Kiwi Ice;Desechable (25000 puffs);EMON;Vape Desechable;25000;puffs;;$ 3.609,52;$ 4.367,52;$ 6.334,02
1203;EMO-GEE-WAT-25000PUF;Geek Bar 25000 puffs Watermelon Ice (Desechable);Geek Bar;Watermelon Ice;Desechable (25000 puffs);EMON;Vape Desechable;25000;puffs;;$ 3.425,96;$ 4.145,41;$ 5.745,94
1204;EMO-GEE-MAN-25000PUF;Geek Bar 25000 puffs Mango Ice (Desechable);Geek Bar;Mango Ice;Desechable (25000 puffs);EMON;Vape Desechable;25000;puffs;;$ 9.536,43;$ 11.539,08;$ 15.849,93
1205;EMO-GEE-PEA-25000PUF;Geek Bar 25000 puffs Peach Ice (Desechable);Geek Bar;Peach Ice;Desechable (25000 puffs);EMON;Vape Desechable;25000;puffs;;$ 3.794,00;$ 4.590,74;$ 7.193,68
1206;EMO-GEE-GRA-25000PUF;Geek Bar 25000 puffs Grape Ice (Desechable);Geek Bar;Grape Ice;Desechable (25000 puffs);EMON;Vape Desechable;25000;puffs;;$ 4.821,34;$ 5.833,82;$ 9.964,19
1207;EMO-GEE-BAN-25000PUF;Geek Bar 25000 puffs Banana Ice (Desechable);Geek Bar;Banana Ice;Desechable (25000 puffs);EMON;Vape Desechable;25000;puffs;;$ 7.344,86;$ 8.887,28;$ 12.391,70
1208;EMO-GEE-PIN-25000PUF;Geek Bar 25000 puffs Pineapple Ice (Desechable);Geek Bar;Pineapple Ice;Desechable (25000 puffs);EMON;Vape Desechable;25000;puffs;;$ 4.827,99;$ 5.841,87;$ 10.025,85
1209;EMO-GEE-APP-25000PUF;Geek Bar 25000 puffs Apple Ice (Desechable);Geek Bar;Apple Ice;Desechable (25000 puffs);EMON;Vape Desechable;25000;puffs;;$ 11.431,33;$ 13.831,91;$ 22.210,14
1210;EMO-GEE-BER-25000PUF;Geek Bar 25000 puffs Berry Mix (Desechable);Geek Bar;Berry Mix;Desechable (25000 puffs);EMON;Vape Desechable;25000;puffs;;$ 11.360,01;$ 13.745,61;$ 20.309,44
1211;EMO-GEE-CHE-25000PUF;Geek Bar 25000 puffs Cherry Ice (Desechable);Geek Bar;Cherry Ice;Desechable (25000 puffs);EMON;Vape Desechable;25000;puffs;;$ 4.777,86;$ 5.781,21;$ 10.768,38
1212;EMO-GEE-LEM-25000PUF;Geek Bar 25000 puffs Lemon Lime (Desechable);Geek Bar;Lemon Lime;Desechable (25000 puffs);EMON;Vape Desechable;25000;puffs;;$ 8.578,87;$ 10.380,43;$ 17.881,50
1213;EMO-GEE-BLU-25000PUF-P2;Geek Bar 25000 puffs Blue Razz Ice Pack x2;Geek Bar;Blue Razz Ice;Pack x2 (Desechable 25000 puffs);EMON;Vape Desechable;25000;puffs;;$ 4.657,65;$ 5.635,76;$ 10.540,73
1214;EMO-GEE-MAN-25000PUF-P5;Geek Bar 25000 puffs Mango Ice Pack x5;Geek Bar;Mango Ice;Pack x5 (Desechable 25000 puffs);EMON;Vape Desechable;25000;puffs;;$ 7.017,05;$ 8.490,63;$ 11.838,59
1215;EMO-HQD-ICE-6000PUF;HQD 6000 puffs Ice Mint (Desechable);HQD;Ice Mint;Desechable (6000 puffs);EMON;Vape Desechable;6000;puffs;;$ 10.492,74;$ 12.696,22;$ 20.920,44
1216;EMO-HQD-COO-6000PUF;HQD 6000 puffs Cool Menthol (Desechable);HQD;Cool Menthol;Desechable (6000 puffs);EMON;Vape Desechable;6000;puffs;;$ 5.556,84;$ 6.723,78;$ 10.501,79
1217;EMO-HQD-BLU-6000PUF;HQD 6000 puffs Blue Razz Ice (Desechable);HQD;Blue Razz Ice;Desechable (6000 puffs);EMON;Vape Desechable;6000;puffs;;$ 10.380,79;$ 12.560,76;$ 19.764,34
1218;EMO-HQD-STR-6000PUF;HQD 6000 puffs Strawberry Kiwi Ice (Desechable);HQD;Strawberry Kiwi Ice;Desechable (6000 puffs);EMON;Vape Desechable;6000;puffs;;$ 8.085,93;$ 9.783,98;$ 15.722,11
1219;EMO-HQD-WAT-6000PUF;HQD 6000 puffs Watermelon Ice (Desechable);HQD;Watermelon Ice;Desechable (6000 puffs);EMON;Vape Desechable;6000;puffs;;$ 8.083,40;$ 9.780,91;$ 15.080,67
1220;EMO-HQD-MAN-6000PUF;HQD 6000 puffs Mango Ice (Desechable);HQD;Mango Ice;Desechable (6000 puffs);EMON;Vape Desechable;6000;puffs;;$ 4.308,02;$ 5.212,70;$ 9.401,98
1221;EMO-HQD-PEA-6000PUF;HQD 6000 puffs Peach Ice (Desechable);HQD;Peach Ice;Desechable (6000 puffs);EMON;Vape Desechable;6000;puffs;;$ 14.572,31;$ 17.632,50;$ 30.691,37
1222;EMO-HQD-GRA-6000PUF;HQD 6000 puffs Grape Ice (Desechable);HQD;Grape Ice;Desechable (6000 puffs);EMON;Vape Desechable;6000;puffs;;$ 5.923,63;$ 7.167,59;$ 12.869,77
1223;EMO-HQD-BAN-6000PUF;HQD 6000 puffs Banana Ice (Desechable);HQD;Banana Ice;Desechable (6000 puffs);EMON;Vape Desechable;6000;puffs;;$ 8.565,27;$ 10.363,98;$ 19.417,76
1224;EMO-HQD-PIN-6000PUF;HQD 6000 puffs Pineapple Ice (Desechable);HQD;Pineapple Ice;Desechable (6000 puffs);EMON;Vape Desechable;6000;puffs;;$ 7.681,46;$ 9.294,57;$ 15.313,64
1225;EMO-HQD-APP-6000PUF;HQD 6000 puffs Apple Ice (Desechable);HQD;Apple Ice;Desechable (6000 puffs);EMON;Vape Desechable;6000;puffs;;$ 8.190,63;$ 9.910,66;$ 17.511,80
1226;EMO-HQD-BER-6000PUF;HQD 6000 puffs Berry Mix (Desechable);HQD;Berry Mix;Desechable (6000 puffs);EMON;Vape Desechable;6000;puffs;;$ 7.466,10;$ 9.033,98;$ 15.279,30
1227;EMO-HQD-CHE-6000PUF;HQD 6000 puffs Cherry Ice (Desechable);HQD;Cherry Ice;Desechable (6000 puffs);EMON;Vape Desechable;6000;puffs;;$ 6.791,54;$ 8.217,76;$ 14.631,07
1228;EMO-HQD-LEM-6000PUF;HQD 6000 puffs Lemon Lime (Desechable);HQD;Lemon Lime;Desechable (6000 puffs);EMON;Vape Desechable;6000;puffs;;$ 9.710,83;$ 11.750,10;$ 19.521,93
1229;EMO-HQD-BLU-6000PUF-P2;HQD 6000 puffs Blue Razz Ice Pack x2;HQD;Blue Razz Ice;Pack x2 (Desechable 6000 puffs);EMON;Vape Desechable;6000;puffs;;$ 6.608,50;$ 7.996,28;$ 14.144,19
1230;EMO-HQD-MAN-6000PUF-P5;HQD 6000 puffs Mango Ice Pack x5;HQD;Mango Ice;Pack x5 (Desechable 6000 puffs);EMON;Vape Desechable;6000;puffs;;$ 12.015,85;$ 14.539,18;$ 26.482,36
1231;EMO-HQD-ICE-12000PUF;HQD 12000 puffs Ice Mint (Desechable);HQD;Ice Mint;Desechable (12000 puffs);EMON;Vape Desechable;12000;puffs;;$ 8.617,32;$ 10.426,96;$ 17.492,33
1232;EMO-HQD-COO-12000PUF;HQD 12000 puffs Cool Menthol (Desechable);HQD;Cool Menthol;Desechable (12000 puffs);EMON;Vape Desechable;12000;puffs;;$ 10.061,44;$ 12.174,34;$ 22.874,61
1233;EMO-HQD-BLU-12000PUF;HQD 12000 puffs Blue Razz Ice (Desechable);HQD;Blue Razz Ice;Desechable (12000 puffs);EMON;Vape Desechable;12000;puffs;;$ 11.832,13;$ 14.316,88;$ 22.931,61
1234;EMO-HQD-STR-12000PUF;HQD 12000 puffs Strawberry Kiwi Ice (Desechable);HQD;Strawberry Kiwi Ice;Desechable (12000 puffs);EMON;Vape Desechable;12000;puffs;;$ 8.971,96;$ 10.856,07;$ 19.039,38
1235;EMO-HQD-WAT-12000PUF;HQD 12000 puffs Watermelon Ice (Desechable);HQD;Watermelon Ice;Desechable (12000 puffs);EMON;Vape Desechable;12000;puffs;;$ 4.760,08;$ 5.759,70;$ 9.095,54
1236;EMO-HQD-MAN-12000PUF;HQD 12000 puffs Mango Ice (Desechable);HQD;Mango Ice;Desechable (12000 puffs);EMON;Vape Desechable;12000;puffs;;$ 4.864,65;$ 5.886,23;$ 8.224,29
1237;EMO-HQD-PEA-12000PUF;HQD 12000 puffs Peach Ice (Desechable);HQD;Peach Ice;Desechable (12000 puffs);EMON;Vape Desechable;12000;puffs;;$ 5.769,05;$ 6.980,55;$ 10.588,31
1238;EMO-HQD-GRA-12000PUF;HQD 12000 puffs Grape Ice (Desechable);HQD;Grape Ice;Desechable (12000 puffs);EMON;Vape Desechable;12000;puffs;;$ 6.845,61;$ 8.283,19;$ 15.390,98
1239;EMO-HQD-BAN-12000PUF;HQD 12000 puffs Banana Ice (Desechable);HQD;Banana Ice;Desechable (12000 puffs);EMON;Vape Desechable;12000;puffs;;$ 8.279,56;$ 10.018,27;$ 13.610,76
1240;EMO-HQD-PIN-12000PUF;HQD 12000 puffs Pineapple Ice (Desechable);HQD;Pineapple Ice;Desechable (12000 puffs);EMON;Vape Desechable;12000;puffs;;$ 7.132,21;$ 8.629,97;$ 15.528,84
1241;EMO-HQD-APP-12000PUF;HQD 12000 puffs Apple Ice (Desechable);HQD;Apple Ice;Desechable (12000 puffs);EMON;Vape Desechable;12000;puffs;;$ 10.468,90;$ 12.667,37;$ 19.248,79
1242;EMO-HQD-BER-12000PUF;HQD 12000 puffs Berry Mix (Desechable);HQD;Berry Mix;Desechable (12000 puffs);EMON;Vape Desechable;12000;puffs;;$ 4.159,77;$ 5.033,32;$ 9.137,52
1243;EMO-HQD-CHE-12000PUF;HQD 12000 puffs Cherry Ice (Desechable);HQD;Cherry Ice;Desechable (12000 puffs);EMON;Vape Desechable;12000;puffs;;$ 5.215,80;$ 6.311,12;$ 10.129,15
1244;EMO-HQD-LEM-12000PUF;HQD 12000 puffs Lemon Lime (Desechable);HQD;Lemon Lime;Desechable (12000 puffs);EMON;Vape Desechable;12000;puffs;;$ 3.075,59;$ 3.721,46;$ 6.515,48
1245;EMO-HQD-BLU-12000PUF-P2;HQD 12000 puffs Blue Razz Ice Pack x2;HQD;Blue Razz Ice;Pack x2 (Desechable 12000 puffs);EMON;Vape Desechable;12000;puffs;;$ 12.045,06;$ 14.574,52;$ 24.506,20
1246;EMO-HQD-MAN-12000PUF-P5;HQD 12000 puffs Mango Ice Pack x5;HQD;Mango Ice;Pack x5 (Desechable 12000 puffs);EMON;Vape Desechable;12000;puffs;;$ 12.524,19;$ 15.154,27;$ 21.687,22
1247;EMO-HQD-ICE-20000PUF;HQD 20000 puffs Ice Mint (Desechable);HQD;Ice Mint;Desechable (20000 puffs);EMON;Vape Desechable;20000;puffs;;$ 10.748,69;$ 13.005,91;$ 22.391,40
1248;EMO-HQD-COO-20000PUF;HQD 20000 puffs Cool Menthol (Desechable);HQD;Cool Menthol;Desechable (20000 puffs);EMON;Vape Desechable;20000;puffs;;$ 7.860,53;$ 9.511,24;$ 15.228,83
1249;EMO-HQD-BLU-20000PUF;HQD 20000 puffs Blue Razz Ice (Desechable);HQD;Blue Razz Ice;Desechable (20000 puffs);EMON;Vape Desechable;20000;puffs;;$ 6.157,74;$ 7.450,87;$ 11.999,54
1250;EMO-HQD-STR-20000PUF;HQD 20000 puffs Strawberry Kiwi Ice (Desechable);HQD;Strawberry Kiwi Ice;Desechable (20000 puffs);EMON;Vape Desechable;20000;puffs;;$ 13.778,06;$ 16.671,45;$ 25.550,67
1251;EMO-HQD-WAT-20000PUF;HQD 20000 puffs Watermelon Ice (Desechable);HQD;Watermelon Ice;Desechable (20000 puffs);EMON;Vape Desechable;20000;puffs;;$ 2.648,45;$ 3.204,62;$ 6.022,27
1252;EMO-HQD-MAN-20000PUF;HQD 20000 puffs Mango Ice (Desechable);HQD;Mango Ice;Desechable (20000 puffs);EMON;Vape Desechable;20000;puffs;;$ 3.001,71;$ 3.632,07;$ 6.245,19
1253;EMO-HQD-PEA-20000PUF;HQD 20000 puffs Peach Ice (Desechable);HQD;Peach Ice;Desechable (20000 puffs);EMON;Vape Desechable;20000;puffs;;$ 12.420,41;$ 15.028,70;$ 24.925,41
1254;EMO-HQD-GRA-20000PUF;HQD 20000 puffs Grape Ice (Desechable);HQD;Grape Ice;Desechable (20000 puffs);EMON;Vape Desechable;20000;puffs;;$ 8.726,29;$ 10.558,81;$ 17.454,23
1255;EMO-HQD-BAN-20000PUF;HQD 20000 puffs Banana Ice (Desechable);HQD;Banana Ice;Desechable (20000 puffs);EMON;Vape Desechable;20000;puffs;;$ 10.391,03;$ 12.573,15;$ 21.229,11
1256;EMO-HQD-PIN-20000PUF;HQD 20000 puffs Pineapple Ice (Desechable);HQD;Pineapple Ice;Desechable (20000 puffs);EMON;Vape Desechable;20000;puffs;;$ 4.779,82;$ 5.783,58;$ 9.008,27
1257;EMO-HQD-APP-20000PUF;HQD 20000 puffs Apple Ice (Desechable);HQD;Apple Ice;Desechable (20000 puffs);EMON;Vape Desechable;20000;puffs;;$ 7.298,78;$ 8.831,52;$ 14.501,75
1258;EMO-HQD-BER-20000PUF;HQD 20000 puffs Berry Mix (Desechable);HQD;Berry Mix;Desechable (20000 puffs);EMON;Vape Desechable;20000;puffs;;$ 8.301,51;$ 10.044,83;$ 15.613,83
1259;EMO-HQD-CHE-20000PUF;HQD 20000 puffs Cherry Ice (Desechable);HQD;Cherry Ice;Desechable (20000 puffs);EMON;Vape Desechable;20000;puffs;;$ 3.186,06;$ 3.855,13;$ 6.216,29
1260;EMO-HQD-LEM-20000PUF;HQD 20000 puffs Lemon Lime (Desechable);HQD;Lemon Lime;Desechable (20000 puffs);EMON;Vape Desechable;20000;puffs;;$ 11.720,27;$ 14.181,53;$ 23.264,06
1261;EMO-HQD-BLU-20000PUF-P2;HQD 20000 puffs Blue Razz Ice Pack x2;HQD;Blue Razz Ice;Pack x2 (Desechable 20000 puffs);EMON;Vape Desechable;20000;puffs;;$ 2.521,10;$ 3.050,53;$ 4.749,05
1262;EMO-HQD-MAN-20000PUF-P5;HQD 20000 puffs Mango Ice Pack x5;HQD;Mango Ice;Pack x5 (Desechable 20000 puffs);EMON;Vape Desechable;20000;puffs;;$ 14.002,76;$ 16.943,34;$ 23.814,27
1263;EMO-VEE-ICE-800PUF;Veev 800 puffs Ice Mint (Desechable);Veev;Ice Mint;Desechable (800 puffs);EMON;Vape Desechable;800;puffs;;$ 7.855,86;$ 9.505,59;$ 15.243,11
1264;EMO-VEE-COO-800PUF;Veev 800 puffs Cool Menthol (Desechable);Veev;Cool Menthol;Desechable (800 puffs);EMON;Vape Desechable;800;puffs;;$ 6.455,11;$ 7.810,68;$ 13.606,89
1265;EMO-VEE-BLU-800PUF;Veev 800 puffs Blue Razz Ice (Desechable);Veev;Blue Razz Ice;Desechable (800 puffs);EMON;Vape Desechable;800;puffs;;$ 5.642,39;$ 6.827,29;$ 11.014,59
1266;EMO-VEE-STR-800PUF;Veev 800 puffs Strawberry Kiwi Ice (Desechable);Veev;Strawberry Kiwi Ice;Desechable (800 puffs);EMON;Vape Desechable;800;puffs;;$ 5.738,74;$ 6.943,88;$ 10.061,85
1267;EMO-VEE-WAT-800PUF;Veev 800 puffs Watermelon Ice (Desechable);Veev;Watermelon Ice;Desechable (800 puffs);EMON;Vape Desechable;800;puffs;;$ 6.952,70;$ 8.412,77;$ 15.256,19
1268;EMO-VEE-MAN-800PUF;Veev 800 puffs Mango Ice (Desechable);Veev;Mango Ice;Desechable (800 puffs);EMON;Vape Desechable;800;puffs;;$ 14.466,50;$ 17.504,47;$ 32.665,63
1269;EMO-VEE-PEA-800PUF;Veev 800 puffs Peach Ice (Desechable);Veev;Peach Ice;Desechable (800 puffs);EMON;Vape Desechable;800;puffs;;$ 8.718,00;$ 10.548,78;$ 15.810,40
1270;EMO-VEE-GRA-800PUF;Veev 800 puffs Grape Ice (Desechable);Veev;Grape Ice;Desechable (800 puffs);EMON;Vape Desechable;800;puffs;;$ 6.041,39;$ 7.310,08;$ 10.494,49
1271;EMO-VEE-BAN-800PUF;Veev 800 puffs Banana Ice (Desechable);Veev;Banana Ice;Desechable (800 puffs);EMON;Vape Desechable;800;puffs;;$ 7.549,88;$ 9.135,35;$ 14.385,66
1272;EMO-VEE-PIN-800PUF;Veev 800 puffs Pineapple Ice (Desechable);Veev;Pineapple Ice;Desechable (800 puffs);EMON;Vape Desechable;800;puffs;;$ 7.033,98;$ 8.511,12;$ 14.637,60
1273;EMO-VEE-APP-800PUF;Veev 800 puffs Apple Ice (Desechable);Veev;Apple Ice;Desechable (800 puffs);EMON;Vape Desechable;800;puffs;;$ 12.542,65;$ 15.176,61;$ 22.141,49
1274;EMO-VEE-BER-800PUF;Veev 800 puffs Berry Mix (Desechable);Veev;Berry Mix;Desechable (800 puffs);EMON;Vape Desechable;800;puffs;;$ 4.859,72;$ 5.880,26;$ 10.782,30
1275;EMO-VEE-CHE-800PUF;Veev 800 puffs Cherry Ice (Desechable);Veev;Cherry Ice;Desechable (800 puffs);EMON;Vape Desechable;800;puffs;;$ 3.595,24;$ 4.350,24;$ 7.965,76
1276;EMO-VEE-LEM-800PUF;Veev 800 puffs Lemon Lime (Desechable);Veev;Lemon Lime;Desechable (800 puffs);EMON;Vape Desechable;800;puffs;;$ 10.103,71;$ 12.225,49;$ 17.806,44
1277;EMO-VEE-BLU-800PUF-P2;Veev 800 puffs Blue Razz Ice Pack x2;Veev;Blue Razz Ice;Pack x2 (Desechable 800 puffs);EMON;Vape Desechable;800;puffs;;$ 5.929,64;$ 7.174,86;$ 9.834,43
1278;EMO-VEE-MAN-800PUF-P5;Veev 800 puffs Mango Ice Pack x5;Veev;Mango Ice;Pack x5 (Desechable 800 puffs);EMON;Vape Desechable;800;puffs;;$ 11.165,06;$ 13.509,72;$ 24.279,64
1279;EMO-VEE-ICE-1200PUF;Veev 1200 puffs Ice Mint (Desechable);Veev;Ice Mint;Desechable (1200 puffs);EMON;Vape Desechable;1200;puffs;;$ 8.040,22;$ 9.728,67;$ 17.310,50
1280;EMO-VEE-COO-1200PUF;Veev 1200 puffs Cool Menthol (Desechable);Veev;Cool Menthol;Desechable (1200 puffs);EMON;Vape Desechable;1200;puffs;;$ 11.082,92;$ 13.410,33;$ 18.255,05
1281;EMO-VEE-BLU-1200PUF;Veev 1200 puffs Blue Razz Ice (Desechable);Veev;Blue Razz Ice;Desechable (1200 puffs);EMON;Vape Desechable;1200;puffs;;$ 4.780,36;$ 5.784,24;$ 8.332,03
1282;EMO-VEE-STR-1200PUF;Veev 1200 puffs Strawberry Kiwi Ice (Desechable);Veev;Strawberry Kiwi Ice;Desechable (1200 puffs);EMON;Vape Desechable;1200;puffs;;$ 7.876,57;$ 9.530,65;$ 15.009,22
1283;EMO-VEE-WAT-1200PUF;Veev 1200 puffs Watermelon Ice (Desechable);Veev;Watermelon Ice;Desechable (1200 puffs);EMON;Vape Desechable;1200;puffs;;$ 14.653,59;$ 17.730,84;$ 29.846,00
1284;EMO-VEE-MAN-1200PUF;Veev 1200 puffs Mango Ice (Desechable);Veev;Mango Ice;Desechable (1200 puffs);EMON;Vape Desechable;1200;puffs;;$ 10.707,84;$ 12.956,49;$ 23.046,96
1285;EMO-VEE-PEA-1200PUF;Veev 1200 puffs Peach Ice (Desechable);Veev;Peach Ice;Desechable (1200 puffs);EMON;Vape Desechable;1200;puffs;;$ 14.095,38;$ 17.055,41;$ 24.603,74
1286;EMO-VEE-GRA-1200PUF;Veev 1200 puffs Grape Ice (Desechable);Veev;Grape Ice;Desechable (1200 puffs);EMON;Vape Desechable;1200;puffs;;$ 14.668,91;$ 17.749,38;$ 31.862,98
1287;EMO-VEE-BAN-1200PUF;Veev 1200 puffs Banana Ice (Desechable);Veev;Banana Ice;Desechable (1200 puffs);EMON;Vape Desechable;1200;puffs;;$ 6.437,28;$ 7.789,11;$ 13.257,48
1288;EMO-VEE-PIN-1200PUF;Veev 1200 puffs Pineapple Ice (Desechable);Veev;Pineapple Ice;Desechable (1200 puffs);EMON;Vape Desechable;1200;puffs;;$ 11.377,87;$ 13.767,22;$ 18.707,45
1289;EMO-VEE-APP-1200PUF;Veev 1200 puffs Apple Ice (Desechable);Veev;Apple Ice;Desechable (1200 puffs);EMON;Vape Desechable;1200;puffs;;$ 13.203,05;$ 15.975,69;$ 22.808,01
1290;EMO-VEE-BER-1200PUF;Veev 1200 puffs Berry Mix (Desechable);Veev;Berry Mix;Desechable (1200 puffs);EMON;Vape Desechable;1200;puffs;;$ 12.590,71;$ 15.234,76;$ 22.140,14
1291;EMO-VEE-CHE-1200PUF;Veev 1200 puffs Cherry Ice (Desechable);Veev;Cherry Ice;Desechable (1200 puffs);EMON;Vape Desechable;1200;puffs;;$ 12.888,11;$ 15.594,61;$ 23.471,48
1292;EMO-VEE-LEM-1200PUF;Veev 1200 puffs Lemon Lime (Desechable);Veev;Lemon Lime;Desechable (1200 puffs);EMON;Vape Desechable;1200;puffs;;$ 3.292,54;$ 3.983,97;$ 5.783,32
1293;EMO-VEE-BLU-1200PUF-P2;Veev 1200 puffs Blue Razz Ice Pack x2;Veev;Blue Razz Ice;Pack x2 (Desechable 1200 puffs);EMON;Vape Desechable;1200;puffs;;$ 11.391,16;$ 13.783,30;$ 19.738,80
1294;EMO-VEE-MAN-1200PUF-P5;Veev 1200 puffs Mango Ice Pack x5;Veev;Mango Ice;Pack x5 (Desechable 1200 puffs);EMON;Vape Desechable;1200;puffs;;$ 6.884,76;$ 8.330,56;$ 12.024,80
1295;CUI-TUL-CLÁ-3UNX;Preservativos Tulipán Clásico x3;Tulipán;Clásico;Caja x3;Cuidado Personal;Preservativos;3;un;;$ 1.489,56;$ 1.802,37;$ 2.937,65
1296;CUI-TUL-CLÁ-6UNX;Preservativos Tulipán Clásico x6;Tulipán;Clásico;Caja x6;Cuidado Personal;Preservativos;6;un;;$ 849,94;$ 1.028,43;$ 1.512,82
1297;CUI-TUL-CLÁ-12UNX;Preservativos Tulipán Clásico x12;Tulipán;Clásico;Caja x12;Cuidado Personal;Preservativos;12;un;;$ 2.527,22;$ 3.057,94;$ 5.736,01
1298;CUI-TUL-CLÁ-12UNX-P2;Preservativos Tulipán Clásico Multipack x2 (caja x12);Tulipán;Clásico;Multipack x2 (caja x12);Cuidado Personal;Preservativos;12;un;;$ 1.679,88;$ 2.032,65;$ 2.846,20
1299;CUI-TUL-CLÁ-12UNX-P4;Preservativos Tulipán Clásico Multipack x4 (caja x12);Tulipán;Clásico;Multipack x4 (caja x12);Cuidado Personal;Preservativos;12;un;;$ 548,40;$ 663,56;$ 1.139,18
1300;CUI-TUL-ULT-3UNX;Preservativos Tulipán Ultra Fino x3;Tulipán;Ultra Fino;Caja x3;Cuidado Personal;Preservativos;3;un;;$ 485,97;$ 588,02;$ 1.050,18
1301;CUI-TUL-ULT-6UNX;Preservativos Tulipán Ultra Fino x6;Tulipán;Ultra Fino;Caja x6;Cuidado Personal;Preservativos;6;un;;$ 594,08;$ 718,84;$ 1.224,64
1302;CUI-TUL-ULT-12UNX;Preservativos Tulipán Ultra Fino x12;Tulipán;Ultra Fino;Caja x12;Cuidado Personal;Preservativos;12;un;;$ 1.794,34;$ 2.171,15;$ 2.970,00
1303;CUI-TUL-ULT-12UNX-P2;Preservativos Tulipán Ultra Fino Multipack x2 (caja x12);Tulipán;Ultra Fino;Multipack x2 (caja x12);Cuidado Personal;Preservativos;12;un;;$ 2.566,67;$ 3.105,67;$ 5.694,03
1304;CUI-TUL-ULT-12UNX-P4;Preservativos Tulipán Ultra Fino Multipack x4 (caja x12);Tulipán;Ultra Fino;Multipack x4 (caja x12);Cuidado Personal;Preservativos;12;un;;$ 1.857,76;$ 2.247,89;$ 4.240,73
1305;CUI-TUL-TEX-3UNX;Preservativos Tulipán Texturado x3;Tulipán;Texturado;Caja x3;Cuidado Personal;Preservativos;3;un;;$ 2.916,66;$ 3.529,16;$ 6.460,81
1306;CUI-TUL-TEX-6UNX;Preservativos Tulipán Texturado x6;Tulipán;Texturado;Caja x6;Cuidado Personal;Preservativos;6;un;;$ 1.646,49;$ 1.992,25;$ 2.910,47
1307;CUI-TUL-TEX-12UNX;Preservativos Tulipán Texturado x12;Tulipán;Texturado;Caja x12;Cuidado Personal;Preservativos;12;un;;$ 613,86;$ 742,77;$ 1.131,25
1308;CUI-TUL-TEX-12UNX-P2;Preservativos Tulipán Texturado Multipack x2 (caja x12);Tulipán;Texturado;Multipack x2 (caja x12);Cuidado Personal;Preservativos;12;un;;$ 2.341,48;$ 2.833,19;$ 4.865,34
1309;CUI-TUL-TEX-12UNX-P4;Preservativos Tulipán Texturado Multipack x4 (caja x12);Tulipán;Texturado;Multipack x4 (caja x12);Cuidado Personal;Preservativos;12;un;;$ 1.192,79;$ 1.443,28;$ 2.357,47
1310;CUI-TUL-EXT-3UNX;Preservativos Tulipán Extra Seguro x3;Tulipán;Extra Seguro;Caja x3;Cuidado Personal;Preservativos;3;un;;$ 1.261,11;$ 1.525,94;$ 2.473,73
1311;CUI-TUL-EXT-6UNX;Preservativos Tulipán Extra Seguro x6;Tulipán;Extra Seguro;Caja x6;Cuidado Personal;Preservativos;6;un;;$ 2.310,44;$ 2.795,63;$ 4.398,89
1312;CUI-TUL-EXT-12UNX;Preservativos Tulipán Extra Seguro x12;Tulipán;Extra Seguro;Caja x12;Cuidado Personal;Preservativos;12;un;;$ 1.124,67;$ 1.360,85;$ 2.406,54
1313;CUI-TUL-EXT-12UNX-P2;Preservativos Tulipán Extra Seguro Multipack x2 (caja x12);Tulipán;Extra Seguro;Multipack x2 (caja x12);Cuidado Personal;Preservativos;12;un;;$ 1.852,33;$ 2.241,32;$ 4.158,56
1314;CUI-TUL-EXT-12UNX-P4;Preservativos Tulipán Extra Seguro Multipack x4 (caja x12);Tulipán;Extra Seguro;Multipack x4 (caja x12);Cuidado Personal;Preservativos;12;un;;$ 2.239,38;$ 2.709,65;$ 3.848,85
1315;CUI-TUL-SAB-3UNX;Preservativos Tulipán Saborizado x3;Tulipán;Saborizado;Caja x3;Cuidado Personal;Preservativos;3;un;;$ 2.522,68;$ 3.052,44;$ 5.077,06
1316;CUI-TUL-SAB-6UNX;Preservativos Tulipán Saborizado x6;Tulipán;Saborizado;Caja x6;Cuidado Personal;Preservativos;6;un;;$ 1.791,94;$ 2.168,25;$ 4.060,96
1317;CUI-TUL-SAB-12UNX;Preservativos Tulipán Saborizado x12;Tulipán;Saborizado;Caja x12;Cuidado Personal;Preservativos;12;un;;$ 672,14;$ 813,29;$ 1.504,96
1318;CUI-TUL-SAB-12UNX-P2;Preservativos Tulipán Saborizado Multipack x2 (caja x12);Tulipán;Saborizado;Multipack x2 (caja x12);Cuidado Personal;Preservativos;12;un;;$ 915,54;$ 1.107,80;$ 1.920,01
1319;CUI-TUL-SAB-12UNX-P4;Preservativos Tulipán Saborizado Multipack x4 (caja x12);Tulipán;Saborizado;Multipack x4 (caja x12);Cuidado Personal;Preservativos;12;un;;$ 1.740,54;$ 2.106,05;$ 3.001,29
1320;CUI-PRI-CLÁ-3UNX;Preservativos Prime Clásico x3;Prime;Clásico;Caja x3;Cuidado Personal;Preservativos;3;un;;$ 2.781,16;$ 3.365,20;$ 5.499,56
1321;CUI-PRI-CLÁ-6UNX;Preservativos Prime Clásico x6;Prime;Clásico;Caja x6;Cuidado Personal;Preservativos;6;un;;$ 2.480,66;$ 3.001,60;$ 5.214,97
1322;CUI-PRI-CLÁ-12UNX;Preservativos Prime Clásico x12;Prime;Clásico;Caja x12;Cuidado Personal;Preservativos;12;un;;$ 2.093,73;$ 2.533,41;$ 4.677,26
1323;CUI-PRI-CLÁ-12UNX-P2;Preservativos Prime Clásico Multipack x2 (caja x12);Prime;Clásico;Multipack x2 (caja x12);Cuidado Personal;Preservativos;12;un;;$ 2.817,61;$ 3.409,31;$ 5.629,02
1324;CUI-PRI-CLÁ-12UNX-P4;Preservativos Prime Clásico Multipack x4 (caja x12);Prime;Clásico;Multipack x4 (caja x12);Cuidado Personal;Preservativos;12;un;;$ 2.371,01;$ 2.868,92;$ 5.417,11
1325;CUI-PRI-ULT-3UNX;Preservativos Prime Ultra Fino x3;Prime;Ultra Fino;Caja x3;Cuidado Personal;Preservativos;3;un;;$ 2.366,01;$ 2.862,87;$ 4.134,36
1326;CUI-PRI-ULT-6UNX;Preservativos Prime Ultra Fino x6;Prime;Ultra Fino;Caja x6;Cuidado Personal;Preservativos;6;un;;$ 2.451,92;$ 2.966,82;$ 4.854,35
1327;CUI-PRI-ULT-12UNX;Preservativos Prime Ultra Fino x12;Prime;Ultra Fino;Caja x12;Cuidado Personal;Preservativos;12;un;;$ 2.983,56;$ 3.610,11;$ 5.184,82
1328;CUI-PRI-ULT-12UNX-P2;Preservativos Prime Ultra Fino Multipack x2 (caja x12);Prime;Ultra Fino;Multipack x2 (caja x12);Cuidado Personal;Preservativos;12;un;;$ 2.005,59;$ 2.426,76;$ 3.315,02
1329;CUI-PRI-ULT-12UNX-P4;Preservativos Prime Ultra Fino Multipack x4 (caja x12);Prime;Ultra Fino;Multipack x4 (caja x12);Cuidado Personal;Preservativos;12;un;;$ 2.687,19;$ 3.251,50;$ 5.133,81
1330;CUI-PRI-TEX-3UNX;Preservativos Prime Texturado x3;Prime;Texturado;Caja x3;Cuidado Personal;Preservativos;3;un;;$ 1.075,13;$ 1.300,91;$ 1.864,27
1331;CUI-PRI-TEX-6UNX;Preservativos Prime Texturado x6;Prime;Texturado;Caja x6;Cuidado Personal;Preservativos;6;un;;$ 2.183,16;$ 2.641,62;$ 3.906,31
1332;CUI-PRI-TEX-12UNX;Preservativos Prime Texturado x12;Prime;Texturado;Caja x12;Cuidado Personal;Preservativos;12;un;;$ 713,02;$ 862,75;$ 1.386,65
1333;CUI-PRI-TEX-12UNX-P2;Preservativos Prime Texturado Multipack x2 (caja x12);Prime;Texturado;Multipack x2 (caja x12);Cuidado Personal;Preservativos;12;un;;$ 1.660,12;$ 2.008,75;$ 3.675,61
1334;CUI-PRI-TEX-12UNX-P4;Preservativos Prime Texturado Multipack x4 (caja x12);Prime;Texturado;Multipack x4 (caja x12);Cuidado Personal;Preservativos;12;un;;$ 1.380,64;$ 1.670,57;$ 3.105,27
1335;CUI-PRI-RET-3UNX;Preservativos Prime Retardante x3;Prime;Retardante;Caja x3;Cuidado Personal;Preservativos;3;un;;$ 2.621,61;$ 3.172,15;$ 5.620,88
1336;CUI-PRI-RET-6UNX;Preservativos Prime Retardante x6;Prime;Retardante;Caja x6;Cuidado Personal;Preservativos;6;un;;$ 2.250,68;$ 2.723,32;$ 4.333,97
1337;CUI-PRI-RET-12UNX;Preservativos Prime Retardante x12;Prime;Retardante;Caja x12;Cuidado Personal;Preservativos;12;un;;$ 2.515,12;$ 3.043,30;$ 4.173,52
1338;CUI-PRI-RET-12UNX-P2;Preservativos Prime Retardante Multipack x2 (caja x12);Prime;Retardante;Multipack x2 (caja x12);Cuidado Personal;Preservativos;12;un;;$ 1.897,51;$ 2.295,99;$ 3.999,69
1339;CUI-PRI-RET-12UNX-P4;Preservativos Prime Retardante Multipack x4 (caja x12);Prime;Retardante;Multipack x4 (caja x12);Cuidado Personal;Preservativos;12;un;;$ 1.009,43;$ 1.221,41;$ 2.068,93
1340;CUI-DUR-CLÁ-3UNX;Preservativos Durex Clásico x3;Durex;Clásico;Caja x3;Cuidado Personal;Preservativos;3;un;;$ 2.808,34;$ 3.398,09;$ 6.442,70
1341;CUI-DUR-CLÁ-6UNX;Preservativos Durex Clásico x6;Durex;Clásico;Caja x6;Cuidado Personal;Preservativos;6;un;;$ 1.982,26;$ 2.398,53;$ 3.607,20
1342;CUI-DUR-CLÁ-12UNX;Preservativos Durex Clásico x12;Durex;Clásico;Caja x12;Cuidado Personal;Preservativos;12;un;;$ 594,68;$ 719,56;$ 1.189,49
1343;CUI-DUR-CLÁ-12UNX-P2;Preservativos Durex Clásico Multipack x2 (caja x12);Durex;Clásico;Multipack x2 (caja x12);Cuidado Personal;Preservativos;12;un;;$ 1.345,06;$ 1.627,52;$ 2.402,88
1344;CUI-DUR-CLÁ-12UNX-P4;Preservativos Durex Clásico Multipack x4 (caja x12);Durex;Clásico;Multipack x4 (caja x12);Cuidado Personal;Preservativos;12;un;;$ 999,52;$ 1.209,42;$ 1.906,94
1345;CUI-DUR-INV-3UNX;Preservativos Durex Invisible x3;Durex;Invisible;Caja x3;Cuidado Personal;Preservativos;3;un;;$ 1.987,18;$ 2.404,49;$ 4.057,50
1346;CUI-DUR-INV-6UNX;Preservativos Durex Invisible x6;Durex;Invisible;Caja x6;Cuidado Personal;Preservativos;6;un;;$ 2.307,08;$ 2.791,57;$ 5.302,11
1347;CUI-DUR-INV-12UNX;Preservativos Durex Invisible x12;Durex;Invisible;Caja x12;Cuidado Personal;Preservativos;12;un;;$ 1.355,82;$ 1.640,54;$ 2.846,13
1348;CUI-DUR-INV-12UNX-P2;Preservativos Durex Invisible Multipack x2 (caja x12);Durex;Invisible;Multipack x2 (caja x12);Cuidado Personal;Preservativos;12;un;;$ 2.932,59;$ 3.548,43;$ 5.800,64
1349;CUI-DUR-INV-12UNX-P4;Preservativos Durex Invisible Multipack x4 (caja x12);Durex;Invisible;Multipack x4 (caja x12);Cuidado Personal;Preservativos;12;un;;$ 774,39;$ 937,01;$ 1.329,14
1350;CUI-DUR-EXT-3UNX;Preservativos Durex Extra Safe x3;Durex;Extra Safe;Caja x3;Cuidado Personal;Preservativos;3;un;;$ 1.641,35;$ 1.986,03;$ 3.170,24
1351;CUI-DUR-EXT-6UNX;Preservativos Durex Extra Safe x6;Durex;Extra Safe;Caja x6;Cuidado Personal;Preservativos;6;un;;$ 1.509,07;$ 1.825,97;$ 3.127,77
1352;CUI-DUR-EXT-12UNX;Preservativos Durex Extra Safe x12;Durex;Extra Safe;Caja x12;Cuidado Personal;Preservativos;12;un;;$ 1.682,12;$ 2.035,37;$ 3.441,72
1353;CUI-DUR-EXT-12UNX-P2;Preservativos Durex Extra Safe Multipack x2 (caja x12);Durex;Extra Safe;Multipack x2 (caja x12);Cuidado Personal;Preservativos;12;un;;$ 1.360,56;$ 1.646,28;$ 2.459,04
1354;CUI-DUR-EXT-12UNX-P4;Preservativos Durex Extra Safe Multipack x4 (caja x12);Durex;Extra Safe;Multipack x4 (caja x12);Cuidado Personal;Preservativos;12;un;;$ 1.752,08;$ 2.120,02;$ 2.874,63
1355;CUI-KLE-PAÑ-10UNX;Kleenex Pañuelos 10 un;Kleenex;Pañuelos;Unidad;Cuidado Personal;Higiene;10;un;;$ 1.501,39;$ 1.816,68;$ 2.811,81
1356;CUI-ELI-PAÑ-10UNX;Elite Pañuelos 10 un;Elite;Pañuelos;Unidad;Cuidado Personal;Higiene;10;un;;$ 827,51;$ 1.001,29;$ 1.440,59
1357;CUI-HUG-TOA-40UNX;Huggies Toallitas Húmedas 40 un;Huggies;Toallitas Húmedas;Unidad;Cuidado Personal;Higiene;40;un;;$ 1.782,43;$ 2.156,74;$ 3.449,14
1358;CUI-HUG-TOA-80UNX;Huggies Toallitas Húmedas 80 un;Huggies;Toallitas Húmedas;Unidad;Cuidado Personal;Higiene;80;un;;$ 1.550,35;$ 1.875,92;$ 2.864,08
1359;CUI-REX-DES-150MLX;Rexona Desodorante Aerosol 150 ml;Rexona;Desodorante Aerosol;Unidad;Cuidado Personal;Higiene;150;ml;;$ 2.737,39;$ 3.312,24;$ 5.400,41
1360;CUI-REX-DES-50MLX;Rexona Desodorante Roll-on 50 ml;Rexona;Desodorante Roll-on;Unidad;Cuidado Personal;Higiene;50;ml;;$ 2.341,49;$ 2.833,20;$ 4.297,94
1361;CUI-COL-PAS-70GXX;Colgate Pasta Dental 70 g;Colgate;Pasta Dental;Unidad;Cuidado Personal;Higiene;70;g;;$ 790,13;$ 956,06;$ 1.407,08
1362;CUI-COL-CEP-1UNX;Colgate Cepillo Dental 1 un;Colgate;Cepillo Dental;Unidad;Cuidado Personal;Higiene;1;un;;$ 1.455,10;$ 1.760,67;$ 2.974,22
1363;CUI-NIV-CRE-75MLX;Nivea Crema 75 ml;Nivea;Crema;Unidad;Cuidado Personal;Higiene;75;ml;;$ 1.238,82;$ 1.498,97;$ 2.556,83
1364;CUI-ALC-ANT-60MLX;Alcohol Gel Antibacterial 60 ml;Alcohol Gel;Antibacterial;Unidad;Cuidado Personal;Higiene;60;ml;;$ 2.365,63;$ 2.862,41;$ 4.582,45
1365;CUI-ALC-ANT-250MLX;Alcohol Gel Antibacterial 250 ml;Alcohol Gel;Antibacterial;Unidad;Cuidado Personal;Higiene;250;ml;;$ 2.083,37;$ 2.520,88;$ 4.066,09
1366;LIB-BIC-BIR-1UNX;BIC Birome Cristal Azul;BIC;Birome Cristal Azul;Unidad;Librería;Útiles;1;un;;$ 641,71;$ 776,47;$ 1.341,45
1367;LIB-BIC-BIR-1UNX-2;BIC Birome Cristal Negra;BIC;Birome Cristal Negra;Unidad;Librería;Útiles;1;un;;$ 1.450,55;$ 1.755,17;$ 2.700,74
1368;LIB-FAB-LÁP-1UNX;Faber-Castell Lápiz HB;Faber-Castell;Lápiz HB;Unidad;Librería;Útiles;1;un;;$ 1.411,37;$ 1.707,76;$ 3.095,56
1369;LIB-FAB-GOM-1UNX;Faber-Castell Goma de borrar;Faber-Castell;Goma de borrar;Unidad;Librería;Útiles;1;un;;$ 1.458,25;$ 1.764,48;$ 2.399,96
1370;LIB-RIV-CUA-84HOJ;Rivadavia Cuaderno A4 84h;Rivadavia;Cuaderno A4 84h;Unidad;Librería;Útiles;84;hojas;;$ 800,56;$ 968,68;$ 1.454,68
1371;LIB-GLO-COR-1UNX;Gloria Corrector líquido;Gloria;Corrector líquido;Unidad;Librería;Útiles;1;un;;$ 1.073,09;$ 1.298,44;$ 2.441,03
1372;LIB-SHA-RES-1UNX;Sharpie Resaltador Amarillo;Sharpie;Resaltador Amarillo;Unidad;Librería;Útiles;1;un;;$ 741,10;$ 896,73;$ 1.594,33
1373;LIB-PRI-PEG-21GXX;Pritt Pegamento en barra;Pritt;Pegamento en barra;Unidad;Librería;Útiles;21;g;;$ 1.024,18;$ 1.239,26;$ 2.144,13
